Amplitude1,Amplitude2,Amplitude3,Amplitude4,Amplitude5,Amplitude6,Amplitude7,Amplitude8,Amplitude9,Amplitude10,Amplitude11,Amplitude12,Amplitude13,Amplitude14,Amplitude15,Amplitude16,Amplitude17,Amplitude18,Amplitude19,Amplitude20,Amplitude21,Amplitude22,Amplitude23,Amplitude24,Amplitude25,Amplitude26,Amplitude27,Amplitude28,Amplitude29,Amplitude30,Amplitude31,Amplitude32,Amplitude33,Amplitude34,Amplitude35,Amplitude36,Amplitude37,Amplitude38,Amplitude39,Amplitude40,Amplitude41,Amplitude42,Amplitude43,Amplitude44,Amplitude45,Amplitude46,Amplitude47,Amplitude48,Amplitude49,Amplitude50,Amplitude51,Amplitude52,Amplitude53,Amplitude54,Amplitude55,Amplitude56,Amplitude57,Amplitude58,Amplitude59,Amplitude60,Amplitude61,Amplitude62,Amplitude63,Amplitude64,Amplitude65,Amplitude66,Amplitude67,Amplitude68,Amplitude69,Amplitude70,time
132.0301717849095,150.5152822541141,50.22354353980628,239.4141061537351,158.1639654133786,24.83280729257793,204.69426604079166,93.93546222166822,202.79185114550387,126.92538656747311,151.07898353992545,96.1736277007567,148.94543178639447,94.49811897286952,26.210465678381134,269.35667844850417,270.47535111120476,241.30095450530231,108.57677509811789,127.63944711819896,59.16839822035419,284.58012137405143,45.092252021403226,138.07975657732285,194.80011288283848,168.4047764348324,151.094358084273,1.2910773629953076,188.20836417243697,240.24966077470182,177.5256016737751,178.21984098356393,21.822607437914044,75.52340955207218,229.67555711509198,22.82421777737761,287.09156230168867,289.6260925769549,179.4271881937665,17.95800048307832,125.93317014526612,130.40990449829113,299.5062899293034,216.70729325125563,192.5123120828146,198.7066312785336,289.01941120235233,282.48855030827326,69.47344518033046,203.5657554618292,109.70224832853339,8.248936874582757,221.07551256559728,97.69200699257696,196.2788946114331,272.97638365575193,4.86934898306407,97.17590377800869,42.01062001285556,54.786776273771196,73.68973370858443,205.8408585569616,233.90852410147892,184.1713176911535,11.233141649995515,298.29733950090235,149.5082355663276,202.35440598590992,167.68994453940738,100.88777637687895,0.0
273.1929127350129,279.27324848360024,211.3126598086632,120.54887847916125,287.11659127436707,6.17454407805457,33.82340565922672,70.44303784392582,301.8872448560291,72.43301001432629,261.75714405251415,9.69872474073453,113.96380784197012,242.4074732879779,238.76973476703503,260.7820856213114,57.907997449641876,225.2914737804317,13.279590850747017,211.70921281880464,243.34957188863928,51.98020497067028,195.57329344051732,157.88010902568266,169.45284131239075,193.1197392545684,141.33202665711565,24.0657225142141,169.49191463315933,124.77690671746217,266.581956666389,57.61718099771488,240.75438659514506,150.9424563423759,305.6692847995922,293.1967285221011,40.88235696442645,229.80849168357832,97.57788685494482,159.84718839991493,294.2245863719974,174.43690290439469,198.52159148349165,240.9976261079204,206.87937393056131,307.8511076197218,93.06037418417971,106.38174045096835,118.73304090201205,213.91896701133885,109.28219016386137,301.36006039328754,176.31091086803656,240.98510459229158,262.85416830323305,351.6366869116037,344.6146611361393,152.81226772172326,300.48144577358795,353.526602006289,159.8232667026578,80.00058530341387,116.48765078445194,264.75850357398065,74.09301060133755,358.77740608726776,276.9839682206667,253.78059682329632,311.85164583397204,216.04528235791878,0.020080321285140562
56.72743789586699,69.12499616997927,211.47511708905049,30.262785773487803,279.19247338823504,49.7749188235305,270.282895065919,12.525510917287543,90.50361542849097,257.4768745295197,127.66836148524958,139.71472640715535,23.216099641885762,183.30066859216768,162.39893953717512,246.46556249290185,76.89025830399717,272.07356056859913,124.97205945488955,218.57909932938028,313.8682084797173,160.4686068335675,210.68889350525274,283.90584588001934,99.54637801493844,347.61620269655697,157.10505929016404,219.97601406889245,343.7066659228426,117.73371907078366,274.058695215915,346.12040660969217,123.06136783749787,237.99169387115285,352.68000927917603,246.64777713257985,174.8461950695782,167.38408746198485,280.6442087756452,193.52525603526362,365.3337057252147,237.27142122505074,293.8447565219175,238.53886196560978,180.53414485458,248.12836348162196,312.21828981359647,290.1396324479764,321.81438422213637,188.73452111733903,227.56526318432816,456.69457427375903,477.7709845587745,244.52608795796317,430.41787203929175,215.98256894762628,319.8815592219868,454.0209503724949,316.11302847491436,279.1489656515209,471.78729822815444,352.6721202348776,418.3930568240444,351.15025232865867,397.21784253109365,322.60859193211945,569.6333891789116,476.3154026708523,582.1572534979294,440.9604407902971,0.040160642570281124
197.03280403161023,306.9652355177077,14.972569155372753,213.21115285413083,89.75340720323902,49.71497837556795,235.8342658445047,251.95250943485703,43.91069146593938,114.57401361661132,226.29378563197866,300.7509465484003,66.55748986127797,238.97033981021428,169.02324688343396,206.4543213103196,343.88404134684293,271.7527903408422,138.07852637593444,98.18733483177566,345.08756958762194,124.87801606400046,252.76760044406623,408.2464285933848,362.7083897845509,144.54695405810145,288.8134902337991,224.9684218447062,383.5619932591934,428.14312689748704,367.99270079605185,310.1301980697141,271.57727841293723,277.7984533112839,271.3904307085901,466.85912092318273,434.19757794280156,366.8977700108682,435.4749363764861,540.9930878844327,310.8135682809443,569.1536852752225,592.6859447786941,489.4795751968039,487.38550167209223,562.3507497518954,622.9366161796546,378.5227675598702,515.6295339221614,511.3060175452754,540.7652146374566,435.27850511383656,427.9687452831811,542.4623298958927,515.5200631526463,484.5166593533708,772.6972576390222,637.8734216763627,591.7424959336482,703.8225212056856,562.0758370431026,565.1271473157155,634.3035698561487,647.9642533345462,898.4055635250227,812.4401293075048,712.7102498000718,808.854882456582,803.1938996742198,744.6837669698759,0.060240963855421686
205.9857195604719,126.23470647953685,228.40781772954867,263.677196534088,271.17678063518827,295.3452664483161,211.34788250525318,291.7441847567466,155.00788489424815,251.467425729653,221.1694606426766,135.76012710031603,169.54776754200884,349.55727547895106,355.97044925792324,204.6594647794251,159.4733409709261,362.1351199314568,354.3082410895054,283.5459211206397,306.36880092677893,278.0974288370506,268.56665502177555,276.8687911671815,342.2608539039349,368.5268328010093,307.5150997276475,402.19828149971306,366.82529984716496,418.6801956148743,512.983474191642,379.26369269395144,594.5863872463085,483.8865578550909,475.18017355963434,677.3241948545586,604.2025436576002,713.2579631043675,590.402730879365,485.75708372435327,477.6176254144969,740.9523258903688,771.7530558704123,782.6852603807628,848.9334123258893,805.9693770596919,886.3936537627869,645.9108703951608,676.5894092420966,861.7951939005682,935.5337400550818,997.4506156456787,855.6309556856872,1054.6664051927294,997.2122241453696,996.6564678810478,881.6590718356657,889.9507366616864,1021.6814184152314,938.7037185288436,1034.4806004950835,1094.0387181273513,1254.7706629065588,1115.6718246938467,1154.4388089660413,1227.4284232529114,1374.1750953812834,1260.3283164739632,1314.6763391090863,1201.0673107677073,0.08032128514056225
63.87424815156288,69.17305543255638,93.35681684820382,294.82423698558216,160.71539314713885,305.68869647916466,321.4883319688725,233.19010056330973,269.90705651585705,151.41619101370014,225.29792005602155,376.6767653970411,190.08821247998833,403.39960019695116,441.2707008893635,240.91984673587663,388.9127013876003,380.23799356919955,339.71923724244834,492.15247690567196,375.6791122319256,433.42899880615255,480.46784044266457,314.5375388282188,624.7027567977564,400.751869312467,375.32864885317673,683.9485498741402,504.07652957963654,465.3808465618609,531.7612842245796,511.0465946766682,685.7906406743803,684.656082970054,567.7057814034423,828.0962203046734,879.0819752285881,762.1599887483558,954.1797220823903,960.925938798855,901.6980505320984,920.467122527697,845.8586195553391,980.1895574938958,911.5506282702775,1019.5358673566038,941.6897102229441,1178.7522307281906,1234.4364412841467,1233.113688716834,1101.1230175879764,1193.747221921149,1326.6245958256563,1159.7327913088652,1420.736252914975,1216.6491962839918,1366.267199474462,1557.1953424352303,1512.7900064319845,1362.1781620347053,1618.1625286297992,1541.6111821771176,1633.8330127841186,1530.6414090868375,1558.9924549382224,1835.9887301316494,1657.9251653689578,1913.2147301426364,1963.3867829621997,1886.4305579698153,0.10040160642570281
108.33094340280766,66.75497327635604,50.61111995004653,272.0595457776156,118.90738878391079,276.93748510134134,170.64067030234696,227.95697825435187,129.22419601865386,185.21183463313943,377.41721355729106,352.6326015305812,484.2443959677961,394.3944164350081,284.5197921297997,378.1316623250211,419.79399488137886,575.8830155493838,360.9536306218786,465.90754396305584,646.2167489333824,499.10764536791356,456.1715293822158,589.0181812219637,719.594218844135,616.4648499298326,628.1544533362506,823.438244628403,768.090784847465,830.7524004845931,749.2591125740721,789.9656738620384,961.2486461745052,804.8246317176643,869.7413043646451,1020.3920800289893,960.5377206386988,1080.582652317917,1147.0563757878922,1052.856901451034,1247.4199408533766,1206.4846073912704,1285.4595602774332,1366.6528306539117,1375.410686626357,1272.4937141028954,1537.9417389995556,1460.3708485023424,1548.8981102062276,1451.7069514639197,1517.3401291672956,1790.9296142621185,1843.0927709210416,1781.5855030404211,1905.6881724917853,1869.0586458121238,1939.972100925538,1870.6794630699292,1968.5273689087044,2112.556562232212,2062.8296641669144,2061.4501316476512,2254.843361624099,2141.2629752987987,2343.565681314957,2301.6337088186197,2346.037520734572,2393.5737363388116,2535.4219503972417,2465.9468425347254,0.12048192771084337
111.55572425000919,55.07956660157814,200.1622534355321,242.4966018737847,327.563749060576,401.58194539549544,392.9255714048136,207.44888751215234,343.7768786423867,369.3272122550527,255.11386242863816,306.3652313329749,464.81404362922774,367.16776584869035,408.19822126433866,484.926210179813,471.8599530610543,502.24734938013,681.5210574054418,643.6899859002003,663.7155442495116,693.5539061649948,603.682021208813,788.7984380742715,691.1654306935818,678.7347475854895,984.1714063093964,883.0863461431956,820.7665345656362,882.9922109685516,903.2209163579228,1046.194576124088,1206.1767067482906,1120.6128690908968,1203.4298728586357,1393.3678788932182,1379.8488581311099,1372.7964552370481,1553.5441793009568,1326.0248931043657,1493.7667326940661,1669.84696926602,1474.291626625345,1719.2049775160722,1677.721280942264,1921.6457305296453,1748.095591811672,1918.5430853606015,1913.7946300395179,1863.6651012669197,2148.8830824305683,2154.539851689933,2312.6109150559664,2200.070693015419,2423.05360207064,2414.9290007178593,2383.572628888472,2345.5422947557,2371.1670101843756,2669.2865510073225,2676.942198675348,2616.153174943064,2826.0629934327953,2842.3749248411264,2812.1705981406144,2979.545883501703,2889.450800928689,2978.3507449070357,2938.2793153509992,3076.1035519367333,0.14056224899598393
205.39978193376712,229.77849337880951,119.29318426621063,249.22896562610845,128.30574097205934,168.8474242598523,240.4916560932653,315.6430854178693,226.092882065936,254.9673001611879,304.94755908714194,570.3075640532157,368.5127870203348,461.9325505459671,676.7787540712332,529.1704538929456,687.0754704670874,694.1261886794025,667.7329317754727,809.227109971572,741.1502978204297,733.8160768833945,745.7579595181251,966.996477318232,915.0729116005389,1064.5437793962478,1201.061570198923,1129.447993771177,1100.9004782524544,1183.9134273451534,1305.0318669655308,1363.6105563495717,1530.106519099441,1390.4341316537075,1383.1255475942319,1573.7548155303848,1569.5014525752956,1597.3239281825163,1740.5627824335816,1959.53695091275,1818.079305158194,2046.450298657858,1963.4372388011072,2056.108607056538,2266.5539583679183,2206.6113200132095,2202.971864371964,2461.2629918856746,2381.251525454406,2501.935789143364,2638.9614893646512,2626.5323679716976,2543.1090835347445,2782.0382371652095,2876.7979269773814,2942.6592688357737,3010.4409805740056,3126.2462316217634,2923.999052366419,3127.592678897708,3307.5854081333955,3298.8855236681206,3225.973651758188,3351.6381101607335,3553.0711846215327,3351.273708006015,3460.9905140736146,3473.438694185751,3647.6155592288515,3659.5407566918984,0.1606425702811245
199.87939867619744,309.4957850396622,281.55065921660923,166.21321883705116,320.1739070511368,385.79764271188975,352.90542368647573,515.4077886690112,543.659661146994,497.99352198844286,425.4575144123587,493.6029393214142,500.1792270117204,653.6333621944541,758.2845803662505,782.3288264644468,623.3994817926846,937.0563443708679,953.3753312860226,941.0751184009639,873.8317079399378,862.428392822388,1163.0607671197504,1158.5502490848644,1178.5611136446332,1308.2746454159285,1370.8046454740709,1438.4020783574833,1430.638052043469,1578.1254413323122,1476.111633224241,1555.1703289145094,1668.9703370533907,1757.9580831977605,1891.2779565533972,1876.9182462991932,1851.4725629840357,2082.014928830211,2252.911153839078,2222.2190733458556,2253.626297465832,2332.8166532463106,2467.3815133629564,2606.5190293212995,2541.5996467158006,2691.2955592900653,2565.215816656614,2784.3515905645672,2837.0750820055264,2773.697173343314,3134.0354788780232,2996.645554348759,3214.87442562165,3208.3279068667484,3348.3044905429774,3503.745994117571,3307.757447312346,3628.9440952585433,3555.551470549457,3749.9687753472135,3650.5634578347567,3716.599411015845,3719.114533471325,3985.8745588670795,4035.2287163404026,3993.7371539998476,3964.521611237057,4211.070948724471,4241.250312436797,4398.536868431281,0.18072289156626506
338.6762152739244,298.7462033690731,151.62976467865076,370.9820657448131,401.73655940812256,302.60790717002726,349.81306077015677,501.80433605037933,519.4837524188463,435.08472037380807,623.7552040341521,597.8127118577489,605.6767548787145,816.619764988588,905.2374053861388,739.8641448715175,980.6276068054474,992.8924252890322,921.5110307695106,973.27138793392,1020.6689707372207,1094.128861082385,1261.015918031302,1374.3200789179268,1265.4847954802426,1585.2063858063057,1609.0768644849372,1644.574803880276,1585.7880579553191,1690.5908787674077,1827.4448422229316,2013.1211582029086,2016.8574472044447,1961.0451540221914,2026.1067398476537,2184.244803159786,2244.3073962489284,2424.7801369697145,2449.087504468886,2611.5838155509896,2504.772230483458,2824.703446447722,2813.72041445457,2856.2327565115083,2881.554430540664,3057.466282588591,3006.7849045167204,3186.5434003286846,3296.975983314251,3477.415725185887,3524.4143257944343,3577.9674105000113,3722.2355368920303,3714.2166108349447,3687.118948073739,3951.0597368469207,3789.2163290582603,4012.0647102844778,4127.094816377102,4245.009434572214,4076.6017156770276,4323.626587843368,4310.228055455169,4447.848428230003,4283.168626245673,4572.559018335225,4459.086750353438,4660.529160340326,4532.092610531011,4688.117531584673,0.20080321285140562
246.38536432486262,194.5349378876881,359.70134163400076,453.4980708790044,299.08720791559443,411.8854848798916,495.3335194072314,487.4143990809493,421.0231062891403,643.6802642930817,669.8227976748053,655.8932977195069,609.5895621211554,712.744176433618,876.1609957337414,977.4091346826804,995.5290815989431,952.8145030712383,1270.8885338186992,1272.0588411173194,1354.3660942562638,1485.6834881108907,1401.9066441744794,1516.9545457525182,1670.219339072302,1594.3023114631828,1871.646129465419,1728.6864416220092,1887.65933107682,1943.904662439183,2070.823201832476,2280.006627714671,2251.8134063074203,2340.3274146397416,2605.1694421808547,2617.7358704573708,2663.458444107172,2897.7084297493043,3003.4187530927265,2933.69801438726,3105.6195493260598,3147.1689055578454,3185.878337956701,3430.1295163035525,3451.5834164636112,3368.7732547756073,3467.1826632329344,3751.505253735435,3636.739977640217,3695.175680222223,3898.399509666069,3852.075629519364,3980.3851771093896,4236.615391050233,4072.9684727140307,4329.7157024971975,4425.464641050863,4283.084552036437,4325.262941183169,4548.591559283022,4491.391119129608,4758.393997602569,4697.0736373128,4805.075390957819,4791.874953932662,4760.452366244094,4810.939301182085,4916.465592060704,5015.837306571692,4914.516552305242,0.22088353413654618
225.72903448613894,294.44215952021455,191.08335132997723,300.0444112873361,316.40968218016945,449.6191472475572,602.4864592664335,705.6471563443533,579.1292969337857,623.8975624590715,855.2476610180337,841.7369223951194,845.9950611420813,1019.9767550073053,1042.08828543299,968.3868018047182,1074.4551403162977,1271.3494906088717,1320.931945144559,1449.5970165450271,1528.6085331915754,1592.7711068945598,1655.3256225100247,1818.7736920430214,1828.740563010134,1905.9822136535997,2088.8000842966103,2265.5851527700506,2351.787856167239,2388.5490109604407,2390.8529778016436,2426.5299894146724,2651.256727807915,2795.7075061412365,2954.707492675814,2894.6914708856752,2984.2920410904035,3055.678575410961,3289.8455583646523,3188.8526000921993,3456.2334430311107,3617.0261886600756,3528.387487829716,3624.8721140269326,3675.27740323283,3954.0455048187373,4086.0312752680784,3989.8146404875592,4218.203300953872,4242.624577930803,4224.39631025004,4318.298959949077,4310.356273402281,4346.790257559995,4468.310498982252,4474.921167405669,4788.93899322456,4834.330667647343,4913.754803721095,4757.42926334743,4868.755338517008,4930.186159926718,4900.859442187049,5084.680306505613,4914.174457721817,5078.07798944674,5167.285088334253,5183.364234041266,4999.995425773078,5164.516692064106,0.24096385542168675
222.60267157519513,245.52192896444745,328.77158838677735,523.8018272203008,402.3633757677285,594.3429603970304,480.32983002918195,621.8471361215965,629.2040833638395,806.163782058745,687.0254623616195,775.0139018640489,1125.5005317738821,1089.3925020532226,1278.7546237299546,1095.348575135346,1199.3457853230755,1444.6492318663602,1640.951163823042,1738.7684100569684,1843.4895769116033,1783.9071091603748,1908.1683773230138,2053.5775502105516,2093.391184042643,2089.4631509961796,2239.419316417935,2444.720387263591,2494.283282769032,2793.513107289662,2812.359364066163,2895.8868612479487,3059.4372812581605,3000.9959631289325,3170.223284652294,3206.1639039049123,3478.2774971607078,3511.845443686108,3474.310052757946,3683.513571503615,3819.743579512723,3928.441484584507,3822.317405343532,4020.791379779296,4256.396256722568,4088.276170328261,4282.904018282761,4272.950456256176,4409.780479902454,4585.989691149273,4481.069967775274,4559.996309290491,4808.813035843621,4664.510253500279,4739.942912443313,4939.337940538309,4804.473267915687,5008.645243692183,4874.910235742373,4934.230800596387,4984.1466963126395,5129.468281494799,5007.5061162850925,5161.416725766839,5283.364475362147,5040.081842403082,5101.048727680268,5245.3100784868,5101.589409008573,5096.1261483774815,0.26104417670682734
383.8658795650631,288.442028219183,274.3055630506438,497.85118459134407,586.7788304833964,646.4412417205458,492.2253029731646,644.0080235152312,638.1941639025606,718.4395655487186,846.504090905317,1011.5738837878854,1215.804101272281,1067.7229094907634,1388.329807496695,1437.0103047749099,1362.13549714607,1723.83102909694,1566.3753268132705,1911.94567376177,1826.2199071722282,2132.3808913267103,2286.077084487519,2336.040084738898,2337.3572456705188,2595.7989336035093,2452.54028667821,2622.8450783565654,2958.735254033271,3053.7924461590364,3112.716860503906,3045.4330605174628,3419.527790411793,3294.3296228197783,3587.042277509266,3517.3797920181787,3769.123750909579,3834.992640733591,4009.2933046236553,3995.4697651109605,4101.441642132979,4263.243863714766,4238.96250916946,4425.865174310713,4391.431599973738,4653.603567266531,4491.62202026567,4536.724187227273,4870.121115050738,4763.485367011934,4785.803766983551,4894.707475775016,4898.511644979866,4937.9664695594165,4901.020309824488,4996.403293242231,5187.039269545157,5047.4305181679065,5146.976745846419,5046.128257244428,5190.450654112014,5134.685801765089,5291.896232845159,5046.641430671361,5198.072489841321,5076.704804394482,4998.455034060099,4932.726532503392,4944.202534373888,4846.384870818147,0.28112449799196787
270.93522051016436,350.84039433030375,517.9926649746224,486.50852143093573,587.7653780340088,540.8865983621373,559.5586217844685,662.3244466608197,985.1553767723794,1027.788660722425,969.904246149317,1220.8073272151823,1183.025599373116,1282.0916842762567,1583.6038777991976,1693.8237831133667,1733.5476877077922,1722.406256912377,1767.3686065859963,2045.8449672323252,2288.8383215455815,2351.1617021968646,2327.742514775879,2360.9840132620857,2766.60427167805,2895.8734713233343,2887.371661304202,3107.057917353528,3066.6717044488028,3213.55798327058,3393.648394298853,3531.254926375527,3648.5124453291332,3782.0536446339,3686.8589789580315,4050.678523274704,3914.658531722148,4226.379972420422,4192.403667517033,4401.244338608848,4400.481229634605,4494.332190017136,4439.3616282465155,4589.014871578698,4587.0844734973325,4729.337803045386,4736.703648460547,5021.48834416418,5051.873429348332,4904.426402443026,5067.2942511123965,5220.563984986279,5251.279564637508,5202.566786182286,5247.128794645061,5163.718998931742,5014.0380174662705,5007.9647027906,5157.734568935961,5150.569198147872,5207.975008769638,5053.23884099309,4913.67219494297,4960.165875607555,4913.466249117788,4884.048679130656,4931.716252175393,4881.158278318886,4728.857066898221,4535.310327131139,0.3012048192771084
203.43227709329864,357.59751878448196,353.4585737303801,507.795866820387,509.9976605064608,691.0375051254009,875.1201178685453,718.3560406827072,1084.6704851457534,1181.4046215288352,1107.8067571788322,1310.3611717028473,1425.3639924238346,1635.6697505953969,1643.5388787009074,1599.0284993978762,1966.3728397726109,1876.6235349390993,2171.5532567169384,2184.2537075241503,2331.786348435141,2546.6354630222695,2714.158931978883,2900.909204799924,2827.1605924035766,3045.7333064894024,3119.7250302009343,3397.5121671376246,3331.064816389587,3633.1123300986114,3760.019267381542,3646.0916228533306,3982.6925085424937,4084.0638290716743,4252.13434847669,4116.570643254914,4427.073226794273,4347.7693235949,4536.913321311732,4440.50306802162,4547.224372208032,4607.1493369632635,4771.523422145151,4811.175996718882,5022.206960839472,5001.7000794453015,5064.781749160079,5064.419870925048,5229.399817678669,5039.827906158031,5278.924199569226,5000.081424652063,5218.602579385533,5163.957868552158,5187.342153154019,5017.2003274936405,5028.969630544488,4949.3469567010025,4881.390897221727,4972.8498740848,4811.294090914147,4995.04524774205,4734.354140265527,4661.9563334722125,4780.782761442296,4721.82019246822,4517.766763862946,4515.665515105815,4309.212591993594,4152.051716275595,0.321285140562249
233.37853626075437,559.9637403593097,441.77140870314963,444.5948499777905,765.7520227009536,727.9611632177364,928.8173871904495,822.622323470955,916.6906995044362,1242.345018769595,1390.8494627333444,1499.9555557090807,1431.143160065863,1627.7546681616332,1747.016152992382,1842.701006116362,1991.8185500435966,2171.6814142254307,2375.596448035555,2598.9429969366324,2701.9499377075754,2833.935721189781,2777.7984910067526,3023.9438651806395,3182.336067284553,3226.8294921129063,3467.03154993033,3512.3035878458454,3830.253487191813,3777.310780815236,3965.1946886083742,4108.809040485924,4217.402692176194,4295.830106641746,4408.592765908407,4527.989001726431,4463.9926253263175,4700.671852734716,4646.4283276803735,4908.84002183095,4908.417671969605,4787.337452947679,5062.57476896736,5180.619367612826,5090.272663523325,5141.013418115214,5120.685466709765,5100.140962554563,5189.279830007727,5110.942768437601,5128.330142362951,5145.608142141358,5231.90998935297,5114.91771354346,5025.772791914965,4981.986907033097,5051.598674120709,4963.730598478014,4819.88766963732,4680.020665918351,4614.267869007866,4587.2569644222185,4442.0525322422045,4254.940098610453,4127.232137753492,4168.581030366155,4044.4515150618167,3784.2700341068958,3944.7864714794246,3546.514346025447,0.3413654618473896
544.5571866602911,327.3023123760423,609.829355028506,604.2999445751713,763.655973786524,792.8513339363336,880.6470407819545,1117.291656338105,1136.310265562805,1128.422337303329,1514.329221418788,1613.5961189338873,1762.3649907157042,1814.7422757256018,1943.7661377758927,2187.9676865844203,2159.1384993829597,2402.728984630763,2489.766591277326,2668.866361430687,2931.8961091068604,2851.4669284333245,3134.049095194979,3190.183477137727,3459.466352643767,3674.657152167428,3673.2860499494827,3714.9841257876533,3893.2662794728453,3995.514911590737,4333.20502504272,4410.000725859846,4298.618600094308,4612.609489852873,4491.480900892937,4748.678169459451,4635.107179550865,4758.9285372599725,5054.593689511229,5075.91154928243,5004.8662668688075,4956.82682994219,4956.368160000599,4989.131500864276,5004.603326145785,5089.023244684502,5000.994544901457,5214.633486600859,5147.61110721483,5025.820753935781,5035.50320562604,4973.197617254905,4813.590800372932,4822.248645717185,4698.680347389905,4683.975148735751,4582.283305133221,4545.185608412093,4352.928948661865,4342.3201007084235,4203.527344303809,4147.263048384574,3982.7411482401562,3930.803920167819,3792.5892628866536,3595.5429628785296,3529.4020181078736,3489.8522252829453,3112.6606136536875,3131.7714391127747,0.3614457831325301
502.73432096782346,447.5741626828982,738.1962820040185,607.2360358332785,935.9901789018172,905.4416439764218,957.2646888235653,1224.2535798870854,1357.06833776834,1276.181836446967,1649.0922529987836,1722.8981782819906,1733.4366288353572,1927.5023633046405,2101.0456597758816,2399.4951825190765,2301.910358584778,2495.775525360219,2827.2662765088235,2979.8002506210382,3140.979003710296,3274.9436900192154,3471.9707587997395,3634.119642347199,3677.3985376068217,3905.2145047074405,3896.6960619288975,4060.903985763054,4180.161673342334,4442.625895637434,4289.91154128348,4577.035853081461,4687.672423428102,4813.09711099034,4760.395943318568,4847.207772807442,4962.514567196497,4936.896726343501,5112.6189143333095,5171.136126674395,5249.447605537356,5186.10216092764,5108.185791260383,5008.157380977398,5040.579402394571,5116.886379071469,5122.825713129979,5202.849914085357,4879.015557660016,4843.923864327978,4754.996590731702,4772.390030329998,4852.110402908259,4749.503991506302,4640.187515738886,4474.43735544808,4362.347768799228,4131.503070215748,4140.708459739174,4037.6962813172163,3937.759330122625,3797.497419821305,3519.42233092364,3287.3680290104708,3145.62713843787,2965.229568922198,3020.293895668649,2687.766780411856,2653.520469587328,2362.2911663621935,0.38152610441767065
516.5953190676391,688.0789519748548,644.0154517547577,754.2081866664588,857.8668760570529,1108.4426446951466,952.8191473595376,1363.2923108055124,1445.697131506882,1369.5583028162523,1545.9331230879945,1907.1916445623167,1935.8464975887107,2203.4131625529185,2212.2331612733656,2508.5440382510433,2750.3754516161853,2716.7349705183346,2823.25619967498,3127.5472932504877,3124.7029666996877,3346.4952720011856,3628.8317235980862,3715.0080676051266,4002.061684445332,4158.693202680788,4089.1707424547517,4393.7950064853885,4268.103613250151,4603.5597305428755,4723.9899307104715,4723.966943535382,4866.583209284122,4983.164806971619,5034.192675725079,4976.7930217092535,5050.1628353728875,5219.649001690828,5044.231606405703,5202.746764459726,5179.31241654762,5239.53254593885,5077.564144703037,5164.144288702974,4927.069668431889,5078.656581463391,4856.861699054698,4949.481618307019,4829.921348662271,4588.367037924449,4660.050570524106,4401.861947239125,4404.288494500351,4294.821608799023,4216.322067201041,4150.973546058833,3976.2342168049286,3643.601711108776,3721.068495199367,3595.2968032902468,3184.3227158207965,3074.660424298248,3033.0845773449573,2652.925058967807,2729.055788371868,2385.4673889968453,2297.9728393150817,2256.385581216119,1956.2418843969872,1936.5939037501748,0.40160642570281124
534.2644576605185,638.3909578294051,764.2563738370168,838.1923356078953,779.4697424688368,978.5740991761655,1214.0829591392826,1192.0718738685027,1480.3724073505557,1637.4682711894204,1820.7651762703183,2046.8662398610159,1983.7377531936386,2237.174782097782,2468.4768877764395,2745.6695690380475,2873.366860308481,3060.958053282469,3208.4395695009894,3430.27432904924,3535.2311616889383,3616.7599038569033,3665.848872916613,3877.614782782696,4038.253189173185,4228.134440651496,4347.606696279628,4557.718147931956,4721.532241543948,4666.023660177763,4778.534574315982,4792.470018431895,5055.956012179192,5140.943564858055,5124.632548388392,5183.9942861653335,5117.167658223376,5242.195373393809,5020.714008881676,5226.65016342945,5141.176818401814,5053.09782418552,4910.6225684854835,5039.317730897731,4876.625288804112,4774.7512036597445,4617.900478040182,4565.289378782936,4425.752441537285,4389.031061440093,4418.123535460685,4291.980142093393,3931.472990074872,3978.3615942233323,3811.0153660286005,3725.9987179667487,3415.070670176811,3150.79903535009,3100.3341857718688,2880.9055494199124,2631.8337012719676,2660.6055191151686,2413.0072631411276,2085.165578575519,2175.1374522862147,2005.66282757192,1722.3554175969064,1539.9405922857077,1406.0011120652825,1343.686618728428,0.42168674698795183
461.9155050183406,691.4505009213576,653.3002662051421,927.2308004958395,1001.7829753235353,1091.7751793402158,1371.0296947052345,1424.7618401867182,1610.872923606992,1851.371641571619,1957.4182108285781,2230.2706753083057,2145.7380219168413,2390.503349493038,2617.408435826475,2810.681046540903,3072.722819921995,3229.7826982408774,3310.197273841434,3526.592186600279,3618.4383567955674,3990.800842271993,3993.8242315570224,4018.6245334453943,4388.919568046467,4467.4185811323905,4433.81042500036,4589.462709313693,4705.241768901662,4968.2752562432415,5080.3466571930385,4865.649703709395,5150.975901505664,5030.540003966025,5235.782135167121,5192.713301295837,5105.561125346605,5068.52458362213,5263.415588099973,4930.0435926831005,5025.353279141027,4860.364319563291,4820.481463511579,4856.055633861888,4778.337159009374,4716.882575387946,4372.436224174156,4236.98028823042,4353.894142810169,4229.344050762658,3779.7613237526375,3789.9048714850514,3662.2040548982454,3575.3497326104853,3247.457822412724,2958.9842993555644,2757.7597865410276,2658.731998124027,2566.541399918476,2363.7254529713323,2321.4918109062023,2096.941795079012,1954.7390570597317,1642.3426565457553,1456.323368869226,1423.9396359563336,1297.2646348123496,1144.0312740805134,787.070864453914,745.7311701714817,0.44176706827309237
410.44754789722754,559.1156739656508,740.2149127334726,1004.5942611971626,964.5192196939774,1302.8936607962512,1466.4049681838324,1525.6222832274864,1605.164685699661,1860.8784976942106,1985.1568450047898,2161.346119770333,2483.7149912415493,2537.400429041836,2857.430550975298,3153.508937869114,3064.332273475675,3412.270893033404,3535.441380928599,3807.365105393645,3983.1630240153895,4023.962272600867,4180.604575863005,4322.594981926135,4636.701583382288,4643.1909576287035,4802.577922091364,4919.772574778713,4939.059407764105,4872.067554940685,4927.656095860338,5021.975827925982,5261.934628785644,5247.07794229085,5196.045685277175,5266.425598752809,5181.71228259273,5054.737358549581,5104.603946892927,4854.061101338167,4892.413257901662,4722.232256413787,4638.876796050134,4488.150035533556,4485.581214035211,4331.048739714137,4078.7355339679575,4061.936815106429,3773.4476267757527,3533.023482885187,3393.7744819134714,3233.584127283659,3217.5516638603885,2928.269117567022,2687.8204340810184,2487.944119377359,2447.8485788312228,2196.5978100556454,1977.5025648338064,1753.0743441335449,1669.4681504723553,1485.7456983258496,1318.2799438679954,1121.0141736461194,1046.6524141662753,930.8991955930142,846.496172737754,776.4151472800554,437.0493865029378,306.33081105815774,0.4618473895582329
708.8072661785416,807.625783830687,809.2075840588693,981.1041974948803,1280.0112391081939,1190.30475293869,1416.6235201967297,1701.0256657001505,1857.4607666603883,2084.8407185571277,2289.9968171327164,2516.41358812411,2723.763318782136,2856.2532299420895,3111.176857260654,3259.7154910948025,3501.2298128955013,3616.4703372387594,3847.7608184242536,3887.0922175875135,4036.633821772542,4192.056716993712,4502.840062990034,4421.403455031931,4686.137482397785,4700.048614332114,4941.89313372027,5050.631587913243,5014.109170274101,5120.905299438407,4996.184593107001,5232.589623730404,5282.6022139976785,5214.407984710662,5008.510390651742,4944.566978017618,5079.661182500133,4877.812400612523,4812.9074873831,4638.877778093813,4818.055218867416,4465.536768466673,4488.315817140966,4191.137763289528,4002.9191447353314,4051.310471905445,3816.4681171586262,3497.579042148857,3278.2994539472184,3187.7600548897244,2969.1469935653568,2903.171292116672,2626.3662573800725,2561.7471768793666,2375.6456575153993,2018.1584055884564,1835.2527386845093,1786.089814220939,1597.330553733082,1203.3703820726319,1234.9962123764024,1034.2751965319926,810.5106451837419,776.2749094328979,636.9397784551213,636.6250506582799,395.85454509163145,250.36879034512828,339.3187726892219,143.2767937707938,0.4819277108433735
731.6874121071096,689.4746450684916,1002.9493983468003,1174.2227646171546,1225.4608886235308,1332.4711554990797,1542.44294973122,1706.0553809536655,1819.6402158818953,2027.1791452933899,2396.638324316651,2570.277224549802,2851.2477633715503,3061.4389022545265,3274.1679847183573,3515.131470474845,3449.1677157407216,3702.398211577256,3962.391613416846,4164.285894103694,4396.660773887375,4457.2547591205475,4471.103028724576,4675.999988200243,4689.736689679307,4795.421167697173,5026.881727251159,5031.782912139469,5004.6804183588665,4989.331351284199,5089.036344074601,5241.076952266887,5083.697172005543,4993.924932873788,4919.617865549502,5094.963788394133,4982.369455994486,4662.670045188296,4705.407787160905,4669.4673524269265,4350.820481255219,4243.7895645685185,4183.360702629026,3892.6622081672585,3845.7486947840457,3681.2431586960756,3285.093390658723,3185.310756016423,2883.565936537817,2806.8137744251076,2672.3860830004887,2280.8081975819314,2094.0070779750663,2086.2048312322363,1875.3748010696381,1528.9989824654035,1467.9976809357636,1288.1775947916983,931.7616169994652,878.2627587217759,669.8391440045887,587.6478170239587,592.1799451683405,442.5430014504735,428.23158552829824,336.75572048684205,173.09520726112675,129.9301130735584,27.260786909055707,144.82768617557224,0.5020080321285141
651.2766107552189,866.7673064577367,1027.9270831537501,1103.5026827337992,1356.361987187431,1355.5956552537682,1797.594108486362,1980.7091926555916,1954.9800739223067,2316.1898510739534,2475.467472288789,2590.3927478926526,2806.2648368190894,3047.112923027432,3396.8410186763385,3499.9785518438975,3789.290100483177,3893.703754725795,4016.820808847648,4406.203182957076,4505.6189579280235,4612.439877631692,4717.823875458842,4835.260984623175,5000.508552172365,5068.803101621811,5098.920512573017,5175.372371020909,5284.765756327748,5206.993076494603,5200.531646331423,5161.5014254057505,4932.306235528344,4908.550316326348,4834.753176036849,4979.450347747583,4697.76055081575,4635.644194328919,4414.974975260492,4256.728198464487,4183.711195304693,3883.3615032125713,3678.7787089985945,3613.8800412929218,3335.226937514267,3152.026017727989,2867.258143308295,2820.1304586271044,2431.2784362140296,2250.6588887908815,2225.9312015094297,1943.2083219459862,1745.766714221238,1596.8819545226434,1168.1674162102659,1168.940029499061,1020.4200500613699,724.8418416746665,824.1743329767896,617.562044097338,321.61229439618404,481.1167678631571,423.31231061624,180.39164364358066,244.6810551471436,14.36275530702667,104.93808120761047,199.33394497792372,270.71738422825837,322.6070638542295,0.5220883534136547
607.4448585671845,933.963700769584,969.3893000917336,1277.9630011774989,1286.7611034065876,1607.9112763550002,1769.5813429951777,2052.825734560753,2208.146374124509,2294.6024514645474,2557.70450481265,3015.630830853492,3096.4715804677207,3433.4587545077015,3609.390901151271,3622.4822435082565,3877.3336941443067,3990.1141899143804,4311.264722376389,4415.606431176154,4528.149967681827,4790.20689109622,4752.4632220222275,5081.989522173909,4944.242662838431,4939.565733102466,5034.209734605902,5058.066292153298,5095.629298915918,5207.760895495484,5244.298616232857,4956.879922146724,4829.793039526407,4840.003139059987,4860.459490772635,4756.257583416511,4579.827975623279,4457.9547820428625,4070.7349226809465,4005.6789294858977,3691.7674992563243,3553.606307573193,3437.559067679796,3262.439582500137,2887.004532891858,2835.005424518101,2463.164525363802,2347.041744926128,1968.3016390289986,1963.0864505685272,1568.4920764267797,1530.869891111164,1199.7783034989916,1217.5533514247957,1055.8974209841995,905.4264961403676,608.3105881715828,408.36168201340524,517.3791073429252,415.7448850884259,288.22485862434024,311.3214421585434,109.1870630055811,97.08320073977069,283.6020371539657,249.55250023868444,279.6416490890118,236.64326113183438,532.2014511341508,359.93157519445396,0.5421686746987951
746.2791112404595,902.6709690981754,1036.9306526912787,1215.9967171268222,1369.7590503064398,1721.4312978560843,1974.8390688067298,2061.715045771617,2289.988659946969,2585.1006025957636,2674.1075295534324,2873.5815633833604,3208.477269295346,3411.163366545794,3698.0345750279585,3956.7843260096197,4025.6934806775853,4157.132571156064,4540.049693865332,4528.30376157992,4839.810186367534,4852.339706690757,4892.151306915708,5063.008152276062,5214.381160141154,5084.953325368928,5120.569129890306,5020.905683980989,5150.246029005328,4950.65479660886,4953.500250238505,5059.863607540332,4737.030183758597,4740.789103128876,4518.045013126665,4427.921122128744,4330.609449936436,4181.306620901045,3883.7074311052943,3614.2784691961538,3482.6580548367583,3184.494986459443,2944.260995699911,2613.2553328136346,2523.456725162641,2232.013652798023,2195.1216068085832,1950.5068813545752,1764.5120720295713,1301.8203054751295,1188.506398194833,1117.8834117583783,996.8647059591599,621.4244387711626,451.7205965584165,352.42173001674087,278.8868139849661,191.19154135712486,85.9014032370777,178.90559498560114,295.9447613240606,41.759378083748246,175.51760207949638,196.21387908734505,168.4786153274031,397.5948668989548,599.1053681499031,558.6828297730245,801.702559780778,978.6559029765104,0.5622489959839357
769.483075949008,864.9075664569216,1284.8551963873667,1256.161833447624,1584.5063507351729,1740.9339657160444,2058.1905874067666,2117.3375125322427,2462.8866081486226,2715.63485688503,2957.585015231048,3024.867032601796,3525.487598893952,3619.985997160374,3973.1330287934566,3908.2628188562626,4209.308021436203,4522.716747782054,4585.2859595225655,4854.749800941664,4696.977955125835,4798.710675642779,5165.210798377128,5205.404151358454,5191.683503975164,5240.596988286054,5138.720986265709,5185.260919993495,5094.280068172222,4914.923814403765,4822.3939190618,4871.825919711318,4660.646351906446,4462.518300223139,4309.104459152429,4005.4427305295058,4062.7482731995133,3808.7076068965953,3635.600806194455,3174.0149897389147,3092.5053640863125,2927.974889162822,2701.989109957033,2478.0348196221744,2249.956883470792,1956.1319000975718,1588.6361109834234,1520.1286496997047,1278.3835838903842,1185.8644127670768,824.8868503062025,714.2917932124235,626.6360621460223,302.54111877679827,301.2915880884126,366.23597908673463,144.7489233455824,73.36367510682382,275.75159050382894,208.42161210783524,267.46316921388234,232.49831172285758,442.3298958946881,311.5952412292887,622.8258073594752,622.9212323649795,928.4559428238986,1065.6389760497566,1147.1473081368129,1416.9677288572782,0.5823293172690763
871.7789239875439,977.3255512162176,1188.344929912406,1287.3694408316437,1533.9580235314766,1977.8199786191597,2224.6913753640456,2201.4709157242455,2494.5795504566854,2822.175390154921,3050.5539573082174,3457.937323737232,3676.4400938994518,3659.3298106429334,4099.472290121132,4063.424046536095,4258.711575295078,4701.771730302633,4736.9284212314,4805.219982609188,5038.04489263543,5085.5238104051505,5138.362686275533,5189.5322660748,5133.105913467043,5231.155631653967,5079.446839999925,4971.239647478914,4860.291442451391,4885.650411229269,4656.104503171798,4521.488863886242,4342.478579574265,4179.511096313535,4159.643991663232,3973.441648518824,3700.095220047142,3388.833241249579,3091.3357464102914,3045.41894183582,2673.0270756877685,2371.2581548673893,2043.2199875598774,1938.815992779403,1752.8386870068048,1505.4061990545126,1232.647845505929,1082.3070184599676,824.4747294648433,701.270337606785,631.4884056093775,514.5774849519555,295.44992885458305,306.3759167816795,206.45534712949814,126.09291824416712,40.20321656584216,75.61328738615273,99.73157698477004,269.6620537295787,386.4437744562439,551.6057436406867,440.3586603729549,644.3782448704627,872.0368365066233,962.2319654437374,1349.345805422332,1642.5200161934888,1589.1271564582403,2034.2537558869456,0.6024096385542168
781.9294303310816,966.1057747300199,1410.648985951767,1400.856611330012,1674.68827956531,1851.4884079506298,2121.760783365738,2377.0328893582246,2575.2339589470885,3061.402762952255,3334.6828299681165,3596.745165811461,3628.722590111245,3988.9470417636376,4255.002405602256,4334.575027527295,4426.992887941258,4559.071321180787,4866.029100595302,5069.433508760197,5134.171921496689,5173.084702268956,5170.574226711281,5121.782305603776,5226.737115331071,5189.985369789914,4908.159867479425,5032.950958811828,4994.247369646227,4740.23026546136,4479.770051167352,4263.031415345372,4113.889098167056,3981.02053072651,3889.5947761090356,3669.1588766287578,3305.6208969199465,2965.886801231431,2886.4183863825992,2474.2261960576693,2165.7854764539074,2040.3293676538271,1661.1662091394699,1572.554272631953,1347.736913715991,1052.793490947666,871.7333625718524,669.8335517320406,448.99591360654364,401.81785948828383,310.4202086878614,313.4348801521438,106.97950877981272,64.51431940695419,114.73780176176486,99.75496737207098,329.3700277844617,295.28661667362076,294.38058684779185,491.15114625928345,487.69804537142875,763.4872593008448,1082.368814267611,1062.6102120711928,1249.246788789046,1593.8619538840885,1826.8600680696254,2158.524962975385,2258.277358988646,2464.8543533349043,0.6224899598393574
949.2180166981974,1059.1226848567226,1381.0903135454366,1595.0317981957246,1664.107953036039,2017.5118558435315,2392.02124193332,2538.0300925442352,2984.8062098152536,3000.534242057297,3371.9052750082724,3592.343546468663,3785.8513841857107,4170.728513291068,4284.005799519717,4410.525901614377,4742.43181253666,4900.831880752345,4985.521323761776,5036.46040499835,5133.128516649721,5192.147989522643,5272.590712210258,5076.825817280174,4983.22263180955,5103.1681426171945,5050.238417641232,4684.167499114824,4802.6968976766075,4617.135712139225,4252.526450506476,4237.633793583432,3788.9113865904287,3743.046949521704,3573.55670248252,3200.817126829116,2865.4231332792992,2816.715282317263,2275.111863865287,2217.9367975304476,2026.3450094937537,1639.3673033448847,1357.2341753179446,1287.9376162830024,845.5374617435642,946.1288299729312,557.4933851099444,562.746977841383,386.93236273051144,379.24105513669696,332.08854945119543,54.867869747245194,238.1809258171106,194.8266053050866,156.30565717705744,169.24680637729563,408.77960879490684,427.9402863930209,757.468006085144,834.5462758597463,1032.044695972289,1123.4792483450317,1409.8518713023593,1512.256407303173,1965.5464520416742,2067.554229608297,2276.648543171199,2559.7762337184904,2795.7524406774946,3336.582324661467,0.642570281124498
1026.6380991966835,1232.0371147223723,1454.944735933264,1621.1154495460391,1821.3494163680807,2045.8595120037648,2560.9410956321103,2840.5601800328154,3064.441686487041,3365.0897356082955,3567.2329704019803,3660.046864415426,4036.374568815503,4141.018120536383,4373.330883015467,4654.628791248893,4642.661231697834,4811.179066898156,4954.968523732728,5047.411706255143,5210.769444134686,5161.657421465854,4996.404816671835,5182.851377111975,5098.114031719904,4990.680873756966,4800.511948132706,4784.162379147468,4581.861677574282,4283.585548210918,4172.788102881346,3869.243952032554,3591.5508658204953,3463.4770258780213,3034.6264315564617,2870.8812692301885,2659.574483543716,2275.7862163884715,1957.659053658641,1817.825150398513,1390.749339257445,1174.013658700658,978.8503277697565,963.4259887257898,717.7081588813535,407.2023930746539,409.1585840149975,215.98128417463693,238.65149222871065,107.26730872239092,60.71200667759141,132.6462393029871,152.67688732416426,319.9048732219403,460.53773237092616,355.949264824031,728.4591706331195,866.3616670179698,927.693630661335,1118.12130848259,1584.4505671871211,1640.89551704329,1939.4914374922464,2263.321228995861,2457.499968826524,2753.5738678436364,2872.448630249667,3280.7938956415655,3583.5191129824652,3655.15722559396,0.6626506024096386
945.7807756677413,1240.3241436978997,1560.2090260014743,1647.047593714767,1865.9615297300518,2374.1589492983508,2487.431672812465,2752.296413120752,3088.7302851894497,3464.1668897885547,3718.9837184666912,3932.991724623316,4133.001096641243,4189.438487412135,4549.566095784543,4726.1056411248865,4706.3511669216105,5084.5353905915945,5154.954975129341,4984.519574316625,5275.516738666076,5026.224604550205,5066.773030877327,5046.090651625554,4882.460327674283,4763.7239303498245,4565.433356715276,4380.457433535876,4306.18081450824,4147.979216855107,3696.2335837114742,3629.083479415734,3277.8675848475573,2931.3048141778695,2900.309924795966,2412.4212567777486,2181.953543375419,1804.40317001218,1594.9301250192982,1457.6476342928881,1105.297102435417,972.1065592336613,925.1135669085025,661.8447630011032,357.71454646375133,402.17499464669254,133.27422546531227,110.90478771109063,18.767373748305637,94.4852562987724,107.9604268680362,391.99300203177233,480.7064016749399,610.4804860193752,615.748343497515,883.6175226058617,842.1378825569901,1173.5296195715814,1377.1875054960237,1651.638852665119,2078.5718232815166,2236.807062883045,2581.690843471128,2722.871883086033,2956.5001507280867,3370.335443958077,3701.083313060642,3729.560539810325,4132.433389086464,4242.797343866434,0.6827309236947792
1044.4181275179849,1180.864078707999,1584.2581305393644,1698.2187469626294,2195.3148703245975,2276.593537154931,2547.9329436620715,3033.270836209181,3196.378111198178,3586.669560068885,3912.898980260504,3880.411173652805,4358.894667762854,4540.704749694171,4570.122774770216,4825.408815863544,4900.208395786133,5141.717891917961,5228.9088044966875,5013.969603399911,5221.340938631281,5238.3393583746065,5183.020926347298,4899.714072760524,4716.776389268167,4614.875056858174,4513.691814867363,4196.771379904339,3975.969446140337,3779.887627829593,3682.8492290040253,3376.9710576340244,2878.4484957554496,2605.12834786224,2394.7083191444617,2295.2413214590038,1759.836750594892,1541.8737658587793,1306.2623556763867,995.639519910384,1032.165861335451,696.0790423399728,425.18572500561794,408.22897904343677,156.9468665337542,190.47874795450338,25.392195096839366,44.51916715279018,86.70824346024237,359.16137767335573,422.8806866964752,332.525467952448,483.72023771600374,885.4191834440483,832.9145629829186,1072.5861299727082,1433.3164491553305,1635.696411766878,2015.9542092368126,2341.788283171369,2487.8680937253425,2673.6552824098567,3224.4776760741843,3332.497539811893,3619.7363815309814,3919.708198991313,4246.900168843943,4235.987986112473,4505.704110873411,4723.621070312715,0.7028112449799196
1023.0141937417594,1469.5277931347218,1619.1440265979847,1991.694087581611,2271.3846250241077,2350.8968667279923,2623.211687926411,2993.9134640548587,3431.607910525557,3680.518486341938,4039.55004331231,4014.062104248641,4488.117354900906,4587.113621329473,4883.187348229689,4948.1328066619535,4929.411617582542,5118.652512602842,5012.098433257109,5158.621827251103,5203.4818163861755,5087.914558252315,5089.104396216054,4787.572225558752,4666.852950696091,4576.9809044337,4229.113068555676,4130.780804294511,3752.296193322273,3529.362679539522,3293.08178849758,2884.194521944903,2756.8220024694438,2306.5243527346006,2078.3950498462873,1720.9897566177115,1681.448247395053,1303.8898958599282,1033.663941074296,969.9605043509656,786.4266443953629,591.3825795148975,232.9868699500069,270.13162727800204,221.99410816920562,86.86325256835202,121.14041209221593,154.53845547628282,345.3513527437528,346.26733670370663,636.5573202799312,596.3115753623058,812.9542110566266,1127.6920433974105,1210.242437237425,1595.5857578439081,1873.7991559418067,2240.4993106292995,2366.5925818972255,2715.107647548229,3170.3707524647916,3266.215275660203,3508.9726974048385,3840.867117252123,4035.4955165957294,4488.702410702177,4606.016639086148,4855.461891368108,4898.604438760252,5140.43610868452,0.7228915662650602
1204.5146307843886,1531.866963919111,1662.2171649787683,1996.2302414513158,2254.3720616486007,2632.321952846394,2922.4564425011713,3196.1195006066073,3613.0386828203564,3717.0062975888513,3876.962583715866,4412.26601883602,4492.658969328648,4630.434267649777,4721.141243866206,4967.761321228585,5075.064486485426,5214.577189352032,5144.407099212022,4994.048538913965,5220.091434386847,5066.738386458032,4885.00322270862,4582.016196989233,4391.768012013913,4213.857199398388,4228.498480457288,3813.6017300886724,3671.3480281058382,3359.2834520019705,2865.746738604168,2712.9479736125345,2481.481885953029,1977.2354249675327,1857.6333037596628,1581.1000719620502,1184.6828170810493,856.8743579907591,896.8926467477247,450.59422268544927,375.450830369075,181.4191811645955,355.7973440166878,211.3505977392482,287.73252844403925,293.23080318679126,252.09677845029248,259.5836105396868,593.2899635787315,709.9264750579343,727.7093996105125,1031.2061524190108,1160.5306565508713,1603.8557010525615,1894.186277502604,2106.5028139352403,2326.848239032892,2552.8691753290486,3032.9905611720405,3177.6988982908338,3645.2122622415336,3965.459649380482,4126.292333280966,4475.500067058844,4710.610582478299,4625.097039630779,4856.643983054177,5157.4885644092865,5074.594202983749,5129.899785347236,0.7429718875502008
1213.5302457077064,1550.395869128599,1759.9247360779127,2073.6237295089363,2436.8137012194306,2687.5714230260064,2904.582926991633,3320.983946373694,3597.1155038754446,3735.346954328712,4160.805212027725,4513.492909538759,4464.766452578081,4680.248582948569,5057.552848581793,4977.412555599739,5067.62075772602,5179.80062176487,5214.31218684633,4994.797639015448,4889.793834104315,4980.706961895904,4766.349939686907,4563.582810734264,4307.680669688893,4139.13039871037,3762.444558278396,3661.9287475437777,3373.473471710483,2994.217758915384,2682.0756243037954,2444.82434007133,2137.199314807355,1860.2692329175961,1427.1743983722265,1065.180619090246,842.6680137311271,817.5043933208436,478.87379791498273,418.586055604542,214.9610321597781,144.68334457294551,152.74370590461027,225.8074116234976,240.76135324086107,141.69555938561132,502.26552407813347,478.5870455442174,558.0931653517243,788.8103617670116,1014.9455475533438,1487.3418526989465,1736.3666013188447,2018.9432902606009,2317.630512301079,2612.784562141467,3029.553142730452,3251.2613734645197,3601.312951501953,3932.7852403073503,4046.834414982596,4252.231066531716,4547.125374786035,4731.250250967444,4755.052452637351,4891.749405649885,5178.204350703795,5112.476658800481,5051.206546663945,5057.500527248055,0.7630522088353413
1129.1651440551411,1472.5319100924833,1774.9391199851011,2201.6664690400294,2523.871753684197,2707.2405546550303,3150.348455282089,3398.9576125705157,3856.731363730941,4119.628837084151,4228.3986308169115,4464.104074472313,4564.373054984727,5000.098904394664,4855.869719959699,4967.979010384819,5083.284203291233,5140.37115100777,5119.649157590881,4930.455711364229,5042.762775089704,4717.506205400469,4650.039264719592,4319.323666726846,4300.4111116437225,4017.7755225010865,3697.168489529291,3218.2677596038548,2862.734987110431,2748.5632779243965,2453.477407073066,2050.2151577565223,1666.7065107223114,1569.3552408168612,1295.3370760614275,875.7947444010107,814.8861748044915,441.67373081129796,291.8150526282057,349.0424878059605,256.9222648767738,291.27925841402686,21.91290449686668,91.31850428688796,208.9264921786995,556.3846483465938,510.1150779810361,895.1778035275332,1064.3252288047954,1203.492401066396,1518.7699811242262,1712.1638805365744,2145.956721369033,2575.8623961762,2670.6622623383682,3113.449327659311,3392.2554981112025,3780.9379604473884,4032.1923426018802,4207.556880080205,4439.258762716937,4640.165140896075,4989.343337825223,4904.564076829341,5099.117728053449,5145.273800624348,5222.410012816884,4999.13579116745,5183.254678768471,4806.631576314247,0.7831325301204819
1449.153308003104,1529.9950159124403,1855.6587743721107,2236.257545086599,2667.8325978714934,2841.5638387844365,3245.2633986907736,3579.545785389161,3843.5463876997064,4202.750799787983,4506.498562812535,4675.015683794713,4873.6462981089335,4843.793957239737,4991.740395209974,5164.796155231569,5132.9883971773115,5207.904604567841,5001.26987726285,4837.360200472726,4977.442945631745,4596.856669966185,4566.431499379225,4090.8368026552257,4005.5091637597284,3609.023106860057,3207.9978184383017,3104.547622178452,2773.1674776487057,2283.1762925302096,2052.905137842892,1698.4754717165706,1381.75127154031,1296.4119104049855,938.8655375527206,730.7574065796547,470.4951254703933,337.2679546231117,95.79334443733892,285.1680202342755,151.09063117985517,55.69633817882561,184.51881975722205,416.4968621314098,533.0497271290171,693.2374343705508,994.2640533338285,1153.6098354892656,1273.5384580657985,1835.3730344919543,1873.9294192923844,2453.6059892181966,2520.3752443543526,3097.1350655530573,3344.493494320844,3482.4074404153575,3816.7453818284534,4149.262652774765,4305.173959654553,4750.417714239032,4678.153958863736,4888.183698695853,5205.471887934727,5004.060058076491,5171.2589944395,5197.280545807902,4958.83817822664,5081.311049540962,4760.603787984089,4552.973084238144,0.8032128514056225
1396.209882508103,1575.0191120241582,2057.7912368327966,2407.169820667223,2778.7567494547384,3016.1184718271425,3187.628584007859,3746.5887299560723,3947.782307037595,4111.606873650939,4401.348556268736,4572.538641569943,4815.022804944565,5144.331413637063,5182.76163027205,5189.399682472839,5245.101729008589,5144.76494284335,5116.414292049168,4871.832423491347,4727.187003108888,4502.946011548786,4341.469496502646,4090.4438712922156,3793.2918134788915,3350.4208829882286,3091.0795498774683,2587.4461205867883,2521.6360303390684,2105.4310604985894,1846.2156050157516,1519.646573169251,1177.95506595798,880.8126128003395,789.2088321892209,350.9895551341965,300.6167269860921,275.72594739960607,184.95730443243917,59.47637940323164,231.24038675712967,370.6138686867978,494.7949064958119,407.31374264895805,653.8519505817616,1054.933248204029,1221.0110045297708,1581.3007457435326,1726.5892956324005,2250.958020341883,2531.041945024478,2913.19657999556,3167.793194807032,3588.5380044733142,3639.040823930406,4085.2635726225603,4294.4451224063905,4504.015333839536,4665.615927362167,4825.814526805055,5065.249035604231,4991.287480054713,5137.70624639289,5267.972709638187,4998.483769734428,4885.8035959613,4890.941196279029,4653.945950519754,4455.259340037139,4236.737299573557,0.8232931726907631
1554.5390915746111,1621.9510638221313,1936.5845663949478,2361.670851101827,2699.8927961233185,2966.6765828124876,3373.016875963379,3775.8641029874666,4130.94249232478,4287.188238355399,4417.57336982462,4621.793735427038,5039.770936160486,4950.051681093551,5071.879897824333,5227.315624228715,5218.1069042991,5081.088613040669,5046.08549158983,4717.411625849417,4603.042629629538,4315.398150845425,4063.3745258342196,3660.9335399105144,3596.3859046305656,3062.3402992990555,2682.1669690405,2588.5132882144194,2250.251705275966,1714.5154953785034,1477.7184388673613,1059.650453961473,820.7079790744523,705.4372730267926,350.74545519136234,199.18694264012382,214.12055584746855,32.93551864614204,45.84236627060173,60.73572967564634,320.431753478918,382.58980420648356,549.2088058366007,843.2907342686917,876.2803803889404,1198.9669939458581,1582.0704124403114,1870.2309525618616,2105.0868710922086,2692.7522457287982,2810.1481111439825,3290.644786310711,3466.1124092667865,4059.6897972023844,4188.708569280408,4576.021768813827,4559.046028034217,4933.458142998787,4899.1233565734265,5198.3616764604985,5213.563853346721,5113.769547856811,5127.069742840052,4884.1389417994005,4924.102313509104,4572.998232411752,4464.8298333157945,4188.972910408637,3958.2893855261127,3653.4291164634,0.8433734939759037
1412.4102018377605,1693.9970842887933,2027.2654169485538,2506.6507326504825,2980.733104260267,3325.4329825550535,3686.0905365114654,3783.223162014348,4288.96573599126,4391.698471226795,4772.917363717719,4790.556872442642,5070.92194304291,5118.92273911896,5099.320841055729,5154.93158349037,4961.589077882546,5041.254834728558,4781.801049433812,4773.193181875335,4410.426828830463,4230.222027897879,3934.645806497769,3480.964137690244,3121.5382852483663,2793.7789817244347,2381.6106609532485,2035.731553536604,1679.2455668699013,1558.7122427742784,1273.550568885848,843.9736683211355,629.0528568843138,496.44711465805244,376.67336527184216,153.97385048784247,257.3745318687587,139.78866889571418,262.9387742295553,301.2486705912602,307.28005010400676,515.4910172218504,872.9809224311192,1126.508753941064,1491.8538055766508,1756.1120297802345,1938.7655558287686,2354.1630091677193,2667.1239678446027,3103.339510921746,3444.3989899665553,3690.080344495688,3910.3884209731173,4444.712659101265,4529.747476486873,4667.811832149424,4939.306922299479,4987.117604132822,5254.144669581985,5123.686565806337,5063.718532519086,5010.190649913497,5058.403203772498,4743.22476494958,4410.110241664804,4135.764774093744,4049.8094716516775,3554.771138706434,3450.353015216002,2913.8121103332255,0.8634538152610441
1441.4834584899709,1733.3606552038386,2094.345172251675,2582.8969878493253,2973.838048878438,3408.523415938724,3707.0962164946545,3907.300139744575,4213.031178706793,4481.667953061078,4589.654967358782,4802.77503137669,5006.361556070222,5164.1829683268315,5211.639029886766,5239.277987253263,5017.307296637224,4840.329477499674,4811.927472923344,4597.051509225766,4327.665482789992,3899.6013024095905,3595.9633040719496,3218.772972973787,2858.273523520115,2512.78961936086,2222.0701169232057,1868.8502305104787,1489.0857273977067,1324.9443174886646,1031.227407582865,606.3034695326439,508.27788443607966,205.682775348596,367.5026085516177,53.61283939320393,102.97478719143503,154.9140184513131,398.9233581027729,335.34276780924836,743.3009360886366,932.7714297981165,1140.4537028900613,1498.4522605780587,1670.41169065576,2232.395499908162,2550.1052929612893,2734.5683903611407,3267.1664402388083,3471.0309386339522,3970.75314313523,4025.649236718583,4368.140061391211,4553.041821221525,4872.017629901222,5070.267892043863,5236.237648179362,5245.848849597534,5276.396498246897,5038.435856554055,5120.133341303344,4787.518459609446,4739.647867616405,4499.437205960046,4001.8473962357266,3782.047473475934,3473.145997032178,3177.175319322375,2596.908357924696,2355.9609153386414,0.8835341365461847
1640.4444527976145,1813.2734241004998,2439.000939737558,2822.35256285631,2950.507525111931,3338.01036654645,3808.116228156767,4166.582091734175,4222.592023792831,4543.203863399688,4822.326965638091,4956.740487070826,5090.540777385561,5074.745345043685,5259.913198135642,5190.9235761103155,4953.112946484534,4688.863837936836,4605.441276627123,4327.129953556127,3996.7929781666685,3710.422202420734,3528.093237423167,3219.046480979513,2615.5249272423926,2468.1361657025654,1832.7240943937784,1704.9328249032733,1238.2737872296955,891.2623145315349,859.5901771145132,503.6185146307564,224.34056730332037,180.66111510982438,35.16763716149451,294.5561293594841,89.68062166578169,285.9058830086441,466.64628245989684,646.9378691449674,868.207688655554,1003.984323499081,1428.5166525682548,1675.2307795424592,2234.470217493349,2528.676680794101,2741.6495614456217,3309.33342846114,3615.8883025596842,3825.6551204891307,4312.391810701636,4529.939888590683,4797.584896328499,4978.1274508147535,5090.463266699762,5092.404566778725,5285.610846843589,5184.091461090473,4930.717195702001,4753.484342352922,4619.708208191207,4487.021101929452,4325.317173933028,4006.9106060418176,3642.648579326155,3088.0049008164833,2822.567051168158,2503.7685960794397,2235.358291289024,1863.2193663014807,0.9036144578313253
1635.1077701027573,2090.1211580946137,2270.324590896533,2625.195898413261,3049.805021297825,3647.6086662872112,3755.5966446434363,4082.040384849876,4297.938921197216,4712.5972322702,4752.160332214134,5105.945963749866,5244.208724096977,5259.465087367308,5082.615920285734,5156.828062500332,4879.540302310736,4768.930796983821,4405.2942742097885,4154.031729510807,3910.718094741012,3704.1895405141495,3238.1681604539544,2707.7320167850094,2377.947379087328,2188.3069171288957,1697.6350029571472,1276.35528902043,1064.890635813439,871.2163893154133,462.45327055023466,382.44173011502056,287.73009320957806,198.34141158399106,162.46236826401577,232.05161599418835,322.90644306723004,382.0877619533496,491.70173184046894,815.9603725673614,1179.1618552892223,1456.5437854807656,1931.852056454337,2047.6869266200326,2514.495156222593,2908.1233193865314,3310.0954897439115,3618.2850222595675,3998.7929006863988,4273.1434763086745,4448.393143966685,4928.0607905023735,5110.77313196851,5066.603387584666,5247.04717012455,5127.423335916205,4973.537092481839,4844.851545423326,4778.662474129589,4581.906000475424,4218.43332912465,3940.749881910759,3847.5426664141537,3360.5007348176705,2864.3540094411637,2556.00349911924,2316.3565496046504,1862.3070375407272,1453.2146053299978,1266.1169068462887,0.9236947791164658
1817.522041980037,2162.845749005548,2479.038700692542,2932.1241628715147,3152.8833218483837,3674.0855260865374,3917.2921661543746,4282.397382185227,4468.765045746207,4614.819132756197,4950.4668075406535,5027.241691758098,5101.399827414121,5199.4823713252745,5211.008811214204,4869.302124015399,4852.935261012907,4694.326149929225,4348.850954504638,3973.740003834189,3693.526269735371,3271.736964788667,3058.4998591867156,2460.687348928456,2183.259747096971,1747.1212661609395,1490.7030829017522,1273.8756930338864,802.5637091105549,573.9815434506895,318.34709586251483,380.22899193248793,299.34359420701367,272.9522985493093,67.64792195329522,398.2286928259939,452.23040178654213,667.1971291980323,820.8120718399175,1289.1793781605961,1539.8350321511934,1716.415319228412,2213.8403141689023,2733.9078446706953,2880.4208380402133,3486.7061117379885,3780.4894107697255,3948.2992605732425,4442.165348294662,4725.453786649392,4954.38445444481,5112.42274572633,5030.9682331262475,5092.401537498524,5056.712455188893,5200.925352895623,4933.101426918882,4641.838586922528,4535.156212497559,4140.671880136578,3788.3673612048824,3701.282949652741,3191.34791982047,2748.2075615484687,2387.523651969669,1936.1496417443163,1604.3800470716997,1452.8198348550407,929.0168956896074,849.6798014170615,0.9437751004016064
1663.2180490440655,2258.664088002605,2509.67018401483,2952.712670928441,3211.8277104496938,3569.297140123601,4150.673473245748,4204.771893835051,4718.106429760666,4803.882500378133,5076.985795668806,5176.392696939751,5186.3449657213805,5013.719128214704,4929.709191196698,4831.049860032494,4603.765457988406,4558.353252820384,4294.105388984719,3888.8808194439143,3469.2383700921832,3224.2948444927506,2740.696779597385,2459.6128908086157,1865.1306076683368,1526.9719332588109,1312.477452689326,949.9278683428188,670.0410158698093,334.7430018159671,206.71151818772125,45.800166202840856,17.138807879024178,33.63428341577878,266.623104550824,390.6101740897706,489.1748222433091,820.9640768343537,1133.8582351967816,1613.3308155030154,1795.1995553395893,2200.605124843698,2522.0219104916846,2882.6343100152917,3478.6185423740485,3688.044961371962,4149.809873402258,4368.752918634575,4531.034583002708,5005.966852629201,4940.070095134132,5230.785518979219,5022.448516287673,4989.566950661189,5080.9715933762955,4818.13549280014,4641.46870399966,4260.979601193686,4179.490332182981,3881.0663499412317,3475.7439101112545,3089.42495405595,2481.8445463663393,2284.9449021815763,1948.2704905449382,1560.6142928795148,1248.3247173570473,723.5751886647539,507.89369738236695,434.7728174644809,0.963855421686747
1822.9611908082654,2257.7730218685783,2494.1195126244133,2975.875631833789,3364.223011247577,3761.645248996295,4042.998892206859,4489.725771209733,4740.322918135452,4902.388723706276,5112.710706708824,5211.0621985632415,5051.528944221534,4954.36557979506,4902.755320283602,4871.971652469944,4701.484208147048,4247.930932250048,4041.189867828803,3566.34746492519,3251.1371145047533,2919.43614198118,2480.713449654564,2144.320234077338,1808.0314215401672,1217.1639609602735,1156.702040343467,585.4178674125352,382.1220917186591,284.6915399312695,228.13602732256453,203.9732063361652,58.37102814153566,289.4310413029461,437.44350621447325,543.6131804660909,703.3809901758755,1067.7556975458758,1343.8747256785432,1696.5345121674213,2326.5053523171346,2632.006470986087,2934.4963507655816,3520.733364266083,3816.1910150671592,4068.574858206701,4311.983915525829,4726.710123996165,4811.30360761157,5190.323153499295,5190.886877481272,5236.612038463806,5073.758240355865,4974.679219251464,4893.149325657097,4494.201685800958,4374.797297939016,4014.136487964597,3535.5450816337348,3342.605501207697,2855.181897262652,2455.323087966059,1987.7395154615588,1587.713853244429,1265.1886972262598,1078.003395405276,634.8985965861623,392.3459043387132,223.5117096739456,349.16119078999685,0.9839357429718876
1940.354891137887,2414.8465632377347,2645.4144183195212,3121.502960667839,3550.5033150901795,3841.5638173743487,4336.133468739687,4406.78268725401,4745.423198767703,4961.7487232571,5104.38498504954,5070.228786621888,5181.4587053691685,5114.724391357635,4953.174129367838,4656.4128889989515,4611.047801168955,4029.695752798554,3823.025506689711,3348.7471903959918,2948.878742754335,2771.1740907326857,2212.69142059594,1760.4066379814528,1459.3141627753007,1156.0597355272225,883.9752563848785,476.9686537541472,508.32776363328435,141.50199304273283,110.82338451085158,146.8573550949925,159.61114554407624,405.2611657383121,626.2686729249918,941.9519502349906,991.2746167315439,1347.3401032154532,1720.8884418660984,2219.91046014124,2728.234825367823,3002.423029102571,3377.4232096507326,3741.6386876590627,4092.9378913049977,4508.46756313471,4706.069084116316,4913.825095140112,5022.376779418398,4997.875113880303,5047.3704042423215,5075.572263047449,4967.082824787478,4873.6443336295715,4467.481379978136,4316.778504955829,3780.4948440212925,3619.5717012854316,3134.8670006105517,2618.468645098817,2269.594138117304,1926.6691844988989,1635.4600759946761,1159.6974848144719,745.7055561496222,744.9238610504442,434.0060287720564,107.891207742056,88.94914008234522,234.76000641600038,1.0040160642570282
1897.071370039794,2416.774282674231,2927.8478363862646,3111.6815835446205,3742.246461005114,3927.7110133389087,4157.938490321205,4455.4569634901945,4730.532103811393,4978.739159597932,5230.8130012902675,5239.385752707256,5192.440597710292,4942.240781742878,4776.434509440986,4671.526447289523,4423.273535759845,4130.044288816124,3616.9488029642444,3185.4272251182847,2946.055672544713,2531.1814276639343,2060.624821397046,1596.0536785622091,1263.5262618747759,802.4036525627822,600.3801800908716,512.6251922154757,141.2122806118271,285.51487851582465,145.7067864691656,252.81525401629307,419.33589987679125,367.6822864999286,848.7957147911768,1138.2194882798226,1284.1690466714497,1854.3788658296069,2268.20583016716,2683.1831652153105,2882.4751165683206,3541.76331635402,3826.919118748599,4024.8327773948727,4404.620754604609,4652.012915420113,5083.923956289734,4959.866460769351,5287.565268407745,5006.86508504377,5034.726912127412,4974.655226297646,4756.552793277691,4332.867189049369,4244.447013466254,3675.893881487714,3458.7577642090027,3143.782702864974,2543.8030199866516,2037.3742758203612,1686.841610142676,1331.5801916327148,1005.9436420813496,665.6429213736028,399.5354002281211,262.33810238766546,212.58552671782408,159.94199640904714,289.26245810115415,140.63375111381353,1.0240963855421688
2041.8663807103192,2295.4183532366405,2975.3790902012165,3339.468074338858,3673.0577320094326,4105.361732107334,4327.470121452607,4763.884370141094,4779.413195855603,5158.493405385964,5217.704528883229,5251.751094167147,5072.277558652902,5024.878425655074,4856.659133153074,4648.162836160023,4283.04965475909,3797.4400742401035,3411.914436897181,3046.6107437803357,2670.4979015512927,2212.493668616086,1681.9017959878322,1414.218159372139,964.3881241291183,772.1321434226825,597.1397960971259,448.5086251815028,330.88980558167975,137.07378413504208,177.48922815237148,221.13966966142692,535.3078111151325,831.3086564746291,1077.6232891244833,1440.6546347520405,1726.8969174196066,2078.5301299779626,2511.792035838071,2864.136975675741,3497.9945335684133,3939.119234989025,4266.749163484605,4511.888420495591,4799.970221095198,4961.538949632565,5226.777658927022,5158.918606092223,5127.557214053581,5023.648213466912,4836.917617297033,4739.867210563787,4288.26721023079,4172.437286955303,3631.0436724405795,3353.254288507948,2828.2827558632234,2540.6683071562684,1924.8025882139461,1689.0053130017404,1242.2902604123522,860.6039320161426,751.8893774703698,289.3166192462546,403.8552508126666,40.30198864737018,256.53356021074114,78.24828311741722,188.06878572621818,406.75061192735564,1.0441767068273093
1967.7794507223518,2394.4974657146486,2843.6361707481906,3259.8442013939707,3852.6846165827765,4122.003035821772,4528.219276944108,4850.870559375204,4981.716168177151,4977.356267245635,5269.323617582504,5122.927418983498,4997.540500369104,4943.11666408559,4570.422121850617,4490.774122806688,4176.935048825275,3725.5494058671547,3302.702806571783,2770.3438800222766,2363.214737940727,1945.5417007633419,1467.8587837536538,1106.5195644484218,772.9462023450266,432.6921981407453,299.4753783062498,188.0759441068075,283.12461646340313,50.088620892108366,211.56039337602274,398.20059861544615,637.4199073409246,1043.873889445442,1172.8659304422365,1615.8830302226102,2203.6577446508563,2614.4142895936466,2940.456228404937,3378.1860990261716,3627.4165204975657,4068.9254931699265,4565.7774536591405,4792.2179924000575,5001.334117907149,5134.009318058659,5195.312657558514,5225.544749305683,4993.2283539179125,4807.200014290985,4721.300737295307,4340.579664714529,4123.851862612314,3562.3648209231574,3195.6161554593614,2902.2234905622245,2269.898195481732,1806.8268197075204,1487.7257870208525,1049.6256704653215,696.1075652215461,642.1003737883954,220.99569562825204,232.03289156646332,163.33761855124544,77.0205507155738,392.5167769292761,535.4909999951377,778.9844308361637,1053.100771522904,1.0642570281124497
2201.331532150661,2653.8671775474377,2897.210536799893,3474.449242207913,3930.811469093716,4283.309194767996,4642.6539675275235,4778.22045564374,4847.624274231079,5151.410335953115,5188.377060761067,5191.0581732305,5089.769990258379,4668.210284988868,4561.200500510966,4142.4352170228085,3821.3138077571152,3367.1850010180297,3110.8364542577883,2523.2819816972906,2055.345614279019,1818.9983203465927,1406.4064826721178,1043.8449405218,543.6332545389993,433.4087630727727,366.0661866446295,80.89607834224795,153.5255925239425,188.31332158170642,487.3099558040844,575.9090018442085,908.3415900918822,1203.3608838611726,1585.7916756148165,2126.149815628846,2302.9675534623416,2893.620606882655,3287.2193592570966,3656.0545565591897,4017.4648956006818,4495.93746608083,4762.23065268163,4993.99235792831,4975.093521951336,5272.441101642387,5282.86392512685,4925.876930989278,4800.870086492164,4579.676895340859,4216.84333919709,3875.7719793197725,3693.1222708450846,3065.781401385574,2840.4357831106986,2281.0428733488784,1920.8657479756662,1594.6707262740338,1033.64227524019,895.5559683247027,569.0024980520664,190.353734979687,158.38215175153533,245.83123339585728,58.02544580919289,319.2849684108853,345.3530741971307,664.8484480294915,984.1602516328707,1288.0248253462705,1.0843373493975903
2121.2711301325285,2548.115015607277,3065.8361905713055,3596.949349582121,3837.3780843592026,4278.036531904539,4740.432573445607,4728.910102528518,4890.712510429237,5119.514024745609,5208.493557665485,4971.191241718281,4892.268781884603,4647.098251890666,4374.861819689082,4142.803460158784,3747.979901732375,3218.1780261702434,2927.4956066369314,2384.5304582445324,2044.2013649173045,1515.9925761529048,1152.316200782117,730.3679956555399,464.47382398513446,266.51706976125,319.94389573264243,212.3426354827005,80.47108797131773,426.16490835009466,412.8977847313453,744.0452301421994,954.7387817396312,1416.7157608556201,1777.1823053742753,2428.0231497908794,2804.118102050828,3329.6458813212384,3635.2058313096263,3957.0350454385666,4466.4475031454685,4833.7938134208935,4778.312934038427,4998.222723594773,5282.43305394962,5178.267760846335,5109.337269927541,4803.1035335161505,4488.536356723597,4249.961713746766,4006.118661872759,3700.4219368834156,3083.787988256519,2708.659562918741,2255.6284175067076,1723.4162277527137,1492.816709904673,1003.6941725714091,810.5161332169112,366.2147673870337,365.5768983224243,135.87345964947696,31.23849435019168,154.7459733026312,330.2064869505009,532.3865338281336,846.0296846213427,1248.8207875627984,1718.4121929160585,2038.6303234237496,1.104417670682731
2171.292305276639,2733.999488456905,3111.366162691605,3640.8694714039325,4125.758488515058,4328.030719279204,4794.31178193965,4868.174900789545,4959.595852026923,5031.043826229301,5011.3097590325215,4932.951161261196,4953.466468319036,4642.131101608668,4431.164427275147,3931.0119207357475,3550.1438549742443,2990.5534676608595,2750.261197364965,2044.6253318153883,1607.4434539917409,1252.259248913013,1050.157702650905,618.3029502298707,377.7731717215869,212.15947438301586,226.14405436281717,180.59552734728157,171.5914432134693,323.4444107251828,798.8352849692077,863.7416730756296,1217.803535683577,1920.147678516903,2157.8569330977753,2735.0984385498336,3205.024673989346,3689.232729939137,3920.6035864874652,4459.401276485322,4577.476413938401,4835.749530435115,4937.051627044074,5104.674126271241,5203.736638672012,5060.811268824273,4998.360330534315,4549.613404046726,4234.948758050933,3849.3321537320967,3584.132412103296,3220.8028073645805,2619.8961212027557,2251.30575889511,1631.1516197116082,1410.0427425133819,1027.792384895345,621.8556751485091,494.696901472553,370.80310833068114,208.81582241362716,84.59896088438332,265.5391305583772,274.6929277711115,738.2328029698177,1017.4318887872782,1262.7502282830005,1668.418152414416,2237.4990990476185,2647.6185921102633,1.1244979919678715
2467.204691054752,2684.780178729157,3231.7775670093756,3607.0738026793124,4141.898687434855,4484.839369985238,4802.157166218392,4944.8051418562145,4996.71500865388,5207.357079584975,5052.616700290569,4889.2365514325875,4901.530601872428,4464.542491028053,4215.412916182299,3742.5414933916923,3237.9842729439465,2713.062994363454,2397.3647190568954,1942.8030660226057,1419.0754362331932,963.856374865188,696.0182921688879,409.8483795062114,203.2739191976303,241.03482488949007,163.30374069166243,307.09482262095867,402.4009997637346,524.2392930045023,972.9465018613505,1308.3783231518935,1781.9422592435737,2157.916783966429,2631.30839275954,2941.28250235273,3583.333712567498,4052.1092295101857,4400.155025126223,4588.592600001269,4960.2445322347685,5049.829910582533,5251.335849087129,5139.625903791346,4922.08363500155,4904.998522982373,4590.61962760164,4377.486704129508,4100.750196579993,3524.761120419486,3080.008647211224,2555.745677018029,2038.3161287579208,1659.9137187640274,1247.1925744815503,877.2702267494142,536.7055153684516,377.1380322739076,274.2404320261428,87.08282464893603,303.2476544578037,323.0457832567298,451.9125601275998,733.9382571353101,1102.3054301154903,1568.0130943779275,1738.4026846147835,2225.8212240654234,2680.742465986278,3371.0719781416396,1.144578313253012
2325.5897064929427,2926.020217835557,3358.7718029715998,3658.2699703291933,4194.387732937701,4376.6458420335875,4914.234211372494,5133.583538675135,5024.158450774158,5064.732796856754,4998.548100504548,5068.623784797386,4689.164684315867,4444.543332487006,3904.7119392783197,3566.8250611916524,3234.9709335563434,2742.235396991537,2298.4419310999174,1872.7791253185455,1218.448675591506,961.0233035273143,694.6412073132778,295.8112037942862,79.00067428698264,282.6190175178051,108.09297630021261,289.7584150959045,447.67007075527175,622.6493333127532,1161.2126642323726,1628.3588586802489,2097.884872634254,2322.4259582005434,2853.293328302542,3299.9817712961344,3671.490724174865,4288.42067906075,4538.781821987043,4786.543094629943,4929.688212139494,5197.820159425313,5053.863886000301,4952.701728646413,4971.576712615114,4719.298370220982,4289.666004298897,3953.929293634484,3447.582159528686,3180.6841264580007,2582.1444470227757,2235.608475007133,1575.030404299223,1228.9301220264024,776.9955131320265,576.1369566580764,448.64231590603225,305.4266497600321,5.777173392878353,224.48835225067089,327.44440071743236,556.9337821617489,898.887361078703,1123.598817961746,1495.9603551122489,1928.25155855456,2520.2920480685716,2933.62912134951,3336.238133981298,3975.494925217198,1.1646586345381527
2385.4493972630444,2834.371643151997,3259.488659586848,3868.2097178854333,4242.236594100923,4650.995980458245,4771.259976591753,5177.443170547656,5236.219413574234,5090.52243451173,4988.610489427209,4814.616505668501,4511.855229165204,4294.569745813983,3823.4613161159446,3424.265350266501,2990.3217474975245,2400.5439090785976,2097.6159563660917,1447.2901947113505,1048.027311383721,738.238570641356,477.22601329989055,373.04365798896475,94.53527902157754,156.99907762653518,313.04247848737276,263.7049870527216,703.1914348016005,950.3813721148783,1397.672385604109,1739.914261938805,2368.685838272144,2828.419847342396,3352.142115774159,3571.600002646523,4220.929393613836,4366.766332818601,4760.89984103601,4940.971447120385,5013.773188810716,5239.740841196377,4989.647461251959,4867.76786705047,4755.0305460574045,4517.043713546954,3872.122461124026,3720.2428573001143,3030.6587051669662,2611.128448669219,2198.21584712578,1721.131060334179,1139.5035859660536,853.9861399562192,470.0976252224446,449.6719663660719,54.55871498239854,241.33920030540088,236.2160567889432,472.6883143740454,461.9928004844302,852.1808291710545,1246.6062752401008,1602.202994120506,2112.5684853829102,2514.903060751912,2979.5098331636973,3565.205169276268,4103.88601952226,4396.244260118677,1.1847389558232932
2376.813788055234,2960.3312790250825,3562.156717993894,3964.645269021964,4288.257661800558,4699.046723913303,4867.691330886727,4964.953414507375,5190.613272313833,5235.3953924536045,4978.570077126575,4661.099019746135,4584.811030483395,4149.406606023683,3823.2156848126488,3240.810548139235,2838.831953740163,2310.7735977189154,1901.919176862692,1441.1527026282959,854.6607898787578,488.92384542912816,359.97930943445647,193.6082152927425,132.0228195832358,249.6708004463847,364.7309791670076,430.86609196139943,756.1313601201377,1303.7264241766277,1639.1945115810597,2191.2489281148682,2602.6793693127415,3164.883068790603,3501.2232269579754,4127.099281592847,4526.87257369796,4692.206130920624,4997.71246117302,4972.439497370698,5174.729992360212,5061.464259589407,4990.088860383936,4881.547991552359,4542.876629301412,4096.0101531038035,3501.4581318378246,3234.114572728525,2793.282859072402,2259.0262551108676,1582.7027932841918,1173.709788505768,1005.3556670625785,541.9530296716654,290.0324469726754,203.14914687794808,259.4857259791521,197.52868776769398,388.32203823771954,685.1148419190574,806.4282231278984,1375.2149888223403,1594.439473481315,2157.2081650030714,2772.236941851368,3151.1320215426986,3754.6926657805398,4057.854286160575,4536.216323003287,4761.871490848107,1.2048192771084336
2557.811927096511,2966.4095913626566,3564.6049730476498,3966.205051779105,4325.288686549324,4705.614676967302,4933.757146559158,5056.439963831916,5113.561522055373,5200.657101270875,4967.496484126381,4607.447557345087,4239.52819975936,3937.1288834573415,3440.9725866944013,2933.1547317803615,2613.764466750091,2020.2421594819155,1512.5251454799245,1286.0638932658144,893.4952204884952,388.20042722006906,324.88129047796406,295.99859241097295,132.33893714168465,114.84676055864716,323.01363551186444,553.462200560319,971.424191022165,1333.4913964727737,1859.8597579003504,2403.2672130949186,2856.057991092426,3486.3028592877945,3914.8140736004025,4174.466355789711,4751.635330310359,4872.555074257046,4919.503988170118,5067.596353385061,5034.966154524583,4928.106120367524,4667.830090835222,4527.057549205404,4244.564559179536,3680.412346709883,3246.826593823069,2663.463829959448,2241.802344109273,1784.2458715425687,1286.7082808758064,933.9950449980048,706.3699404017698,454.82235118586095,289.7165718807901,73.79100136631028,80.90067739369411,371.241187469214,606.2662215118335,886.3445251054544,1387.7809523709504,1785.7344817837068,2182.780400946863,2893.797370600008,3149.120304041642,3624.3379766486823,4302.053013024975,4570.397912624134,4740.993980376922,5098.232194569965,1.2248995983935742
2551.399573601614,3280.575861191729,3568.7569273371023,4078.7670629197587,4409.091110693067,4829.849664083472,4868.283126102914,5051.643574502393,5057.106226975111,4921.979070154635,5001.838292846894,4753.861482058423,4197.788788529695,3974.494999044241,3394.679299822129,2875.083860628643,2384.7977430491487,1955.9529841569931,1516.7940663307566,1051.3468538359919,658.4161858672683,293.1669762258648,176.78326675418725,189.72120183759552,282.7962898557667,267.158704360579,646.2485154436031,777.0053853523243,1234.7322867157377,1870.6953253384793,2322.8090358587956,2800.310002922744,3217.344646863205,3799.972648322558,4197.647993349604,4482.768359921397,4687.974358913782,5161.862750472893,5145.950758320164,5138.433099054817,4997.377955466338,4859.659629298787,4427.470904719851,4264.364606882887,3718.87563696678,3225.9852319643674,2745.7679485192366,2201.5279501077835,1897.2576007697269,1453.5039556600511,830.2210188987557,442.4249679747787,372.55479195367093,240.37703525314552,189.64354625026454,215.6779401243757,317.50423064550546,690.6365659173647,956.8145311452383,1393.6644022065932,1901.8559298578853,2312.3717246300334,2912.9011725449395,3234.9838869225205,3923.070475334848,4119.70460004007,4567.20247175725,4894.149013152545,5179.970970343307,5054.280048727227,1.2449799196787148
2841.419133805142,3284.683971018962,3556.2164709186814,4247.15853350799,4505.822865394178,4789.026402052102,5160.680360259783,5128.394592900824,5108.927593097576,5085.822795265523,4884.951389311605,4555.692739970076,4049.6806960778154,3665.472747556122,3249.411655220615,2638.1632570707966,2107.3244835184155,1655.493567332229,1221.0172365669566,787.4864063214418,535.4927797035654,196.17845296209003,255.16084731195144,96.38353575280522,245.02665965290862,382.093698773268,823.8275405984692,1181.6886487925865,1444.7536672186668,1906.9763698235347,2444.648689706551,3031.458738637076,3409.007648335753,4004.8503653550974,4437.573540702197,4642.485594125803,4998.759454089709,5263.7489085233365,5253.22363714563,5141.5471752152525,4884.081093583456,4668.635069105376,4359.136269877774,3833.8623067317158,3200.1933586475348,2945.299446263729,2324.553166864356,1923.9801873878,1473.9449618968615,919.7108572726088,672.8235705913212,341.49905294942425,219.4111506636357,213.43041334580803,237.06250917370033,263.3424132664425,646.4563203931942,914.0591984170549,1287.2322945113324,1987.6247616934143,2349.550995590294,2907.630547875963,3294.689921150285,3962.4871203560624,4218.001167694189,4685.069740283432,4830.768211659985,5155.660291789324,5196.097074917187,5128.129844485901,1.2650602409638554
2648.794785139909,3264.0580129301234,3919.53399720827,4223.496098102063,4466.517729374349,4743.5904556591795,4922.0013188203575,5280.983854782685,5085.785099334233,5013.59937744346,4761.134661214242,4323.017142762598,4034.328876525166,3673.3702659967103,2952.8626063590846,2643.7768179157783,2106.741580752432,1558.2978373349952,1133.2873893338985,581.4205497161571,427.6361260254442,322.61011678919294,280.57251329278677,277.59125034100606,416.9329025977996,637.345660457946,832.6540120128908,1285.9491531360125,1787.3768979172664,2282.096563776644,2996.043049413968,3509.958726782078,3831.758468859726,4162.933849973038,4730.738541193191,4945.422712839745,4997.956562461052,5096.765804821773,5248.927916974472,5069.941984773412,4726.072408692428,4377.2510040029465,3825.333267322279,3469.6154371805123,2999.5091726126243,2343.2180886048995,1740.100470792736,1317.630293461425,1121.5259157010898,720.5150297237324,326.70489113512343,150.42133707596642,257.05211782149144,168.45159068425977,472.9379794804347,717.3939901150216,1118.241585783464,1472.33883437421,1770.3466934644953,2351.6011041835322,2906.112563039605,3410.7405634721786,3993.548263151447,4242.204278577671,4606.8346901582445,4842.721171730776,5172.197214847988,5210.176307213268,5227.1063322120735,4941.221234460599,1.285140562248996
2699.7154724718084,3387.646173146139,3901.7879091410628,4154.189380274438,4678.638433919473,5032.397834729474,5112.999347581988,5289.271055234189,5239.277876379344,4963.660689111543,4657.991496383799,4374.457107465755,3749.09160053175,3439.6462579885233,2733.5905798834447,2161.3902375608045,1783.1769943564084,1167.3832630207892,994.5088372299858,567.2922970292522,340.39804778954067,177.48542261412877,30.04132611810073,128.46598449693707,412.1936391610884,837.3362678954675,1237.6312891011496,1495.7625565669352,2010.4218565983917,2642.119338530519,3125.6915421945396,3723.1486353050536,4074.8760452659,4622.083806938145,4743.625252054841,4948.563851485174,5014.366889299083,5106.863085797921,5053.099463481284,4907.189380107377,4495.46353417153,3950.924818468018,3571.387483183841,2912.8253322984183,2524.053320140194,1993.226973233237,1479.6409756168193,1140.0435084254357,764.3303799315844,391.7062160000499,169.2707590877809,31.464000592694006,347.2831724916545,292.6939971722689,534.2253568258524,1012.4757997287488,1279.7972680244984,1916.5540621674197,2306.608151879578,3075.385991903481,3572.746689785224,3814.7774804538044,4280.158212418424,4735.94582268911,4955.77602081398,5252.562757284089,5119.062379166907,5176.067674729986,4923.563465506134,4538.471011166015,1.3052208835341366
2830.3895005935747,3414.135112581465,3850.6258171092404,4430.317250578966,4576.50996160083,4991.013829863378,5185.573463589303,5094.951476513545,5006.406238757371,4751.631541247343,4418.443518416453,4285.054939871412,3627.908576186461,3228.9916380606487,2768.1249842665743,2019.3274082723444,1472.8593261980025,1046.7559695948978,890.8983384899557,311.48418611556417,200.24223800520946,235.93414659602286,88.52905036867219,450.5470476245108,519.9520159909322,857.227041898745,1483.1223783608523,1741.7966387569952,2319.1390567594094,2840.3071297794604,3434.8222482306383,3974.7238755731914,4299.686298228238,4587.845915820554,4984.902245412497,5209.251345337352,5100.238211032121,5114.599706782706,4707.133371869653,4615.355715390155,4176.295544008919,3649.262035612548,3281.598973400828,2510.421186695013,2167.227950419724,1517.8055320635956,1148.0230056393357,839.4444518147712,441.64747517032504,296.31543780090556,89.88997703129151,174.8171491476715,321.73054634697627,663.2613189421436,933.4182643969897,1310.1353037189863,1847.8345172362738,2329.6899534862664,2869.9825410257376,3482.0211991406354,4126.056827309819,4304.646652345231,4607.357039042085,5040.912848119627,5044.006433488229,5283.483493228095,5138.196981600299,4753.872018500286,4538.325757234908,4062.763085639023,1.3253012048192772
3072.2420448021144,3455.68347400561,3901.519615812096,4305.690582882958,4890.243735187258,4893.615659820819,5154.993738062487,5076.61598147857,4994.752610219235,4845.410384967083,4456.331936897143,4179.168098475498,3662.910391206276,3139.1737491031913,2366.8125674340813,1922.6639808196214,1289.7148020897027,929.4447073975408,615.1443806374608,211.29676304324735,229.06255078958415,178.69739710210726,194.3365957392154,571.2573236971432,673.0969471089907,1006.1066986184397,1567.6287682560146,2014.7963604048011,2733.6508554688858,3154.8935468732666,3832.6094456150636,4344.721169703475,4479.713436149405,4910.784014580304,5220.67173860788,5189.720770835413,4980.783930775289,4994.369608102516,4500.413477955798,4342.540809460953,3703.4290670965593,3183.3479430750144,2855.8339521445805,2313.509616018465,1785.2851803300427,1180.6560624389983,778.0224891731259,483.791293321475,201.00428787278807,269.1796229099859,86.26104567553821,417.09514537827204,518.5200762424082,1041.6597180992799,1437.6219571373226,1768.0585871579813,2334.8474364820936,2891.0003010048085,3388.411696587116,4015.554076151059,4289.1775089787625,4648.082601767715,4968.140742019297,5155.581159003124,5119.546093259016,5081.328182002131,4784.319886168481,4591.509672731629,4062.269557955278,3672.4930561865485,1.3453815261044177
3003.317327310956,3451.0080555369204,4099.827736019865,4385.261001085716,4711.896866861298,5133.568615871682,5024.306128100649,5147.420515391962,5117.961003487953,4767.113450666581,4400.445470506297,4057.3543115400503,3295.824546706306,2847.5414887705847,2278.9629785768357,1618.4888486532218,1329.7635780207497,853.6838739473168,414.8055543677731,334.65311713292135,78.7471691704657,47.57137337783503,433.35601574918667,546.8619567985919,793.6853805490325,1485.3197817231824,1829.2906997709504,2420.6846545971794,3014.6986488208286,3590.438969111448,4055.2382136177207,4387.0525347259845,4775.612884641168,5088.125184429844,5040.168871462669,5219.587445918485,4988.152767953856,4890.499877510425,4255.030822714682,4093.038440952326,3365.4745072358555,3024.38500894863,2428.9208068804714,1868.5877949120068,1411.409108478513,830.8247633863671,409.82244910723483,368.4336180184747,148.58747407962795,69.82055304312208,321.44441224158436,506.2208352237594,944.1459859695444,1250.8206711388946,1694.1450607508302,2495.0324958698598,2797.995890609203,3486.6919562532325,3998.687584872042,4552.3565698395005,4712.490199657518,5136.576604375598,5179.58200102043,5209.151432211472,5113.287459480658,4842.867909478018,4383.767945875797,4064.7183971714194,3526.5073180981403,2961.721351769304,1.3654618473895583
3178.828265185007,3716.7686988005717,4072.010108831581,4550.1845999896705,4781.831100056744,5001.431806941132,5193.93645246969,5228.781044440348,4897.553241834924,4757.205672837709,4392.298632850425,3854.0767127236463,3147.870162882136,2824.5302282245907,2061.2924815221295,1611.5258282250431,1229.666489421966,745.4781148717252,496.9153699925365,89.63769285109073,113.07846172040776,269.57757730997565,312.92024954267174,673.0422570180062,1100.805365044069,1456.0875064831278,2152.4149182630576,2719.9812086905936,3204.062064472485,3740.2066558623947,4362.048716431097,4711.149053613964,4820.756226607523,5167.883364845859,5155.815162086968,5085.004126466868,4765.21824833493,4551.992529199817,4244.665118633283,3702.2531720350216,3114.3718943945983,2435.903208218398,1890.450564586999,1277.4877716567312,979.3832510872955,454.2009011682123,265.90817926770933,314.59166109906016,242.59413567727776,267.5120214710895,390.1476389158227,731.7593060324434,1166.9715825037938,1710.2630552949236,2243.7088429666114,2921.9092577831343,3470.108077213367,4017.258067082967,4489.101662431674,4777.182943816745,5056.17863670105,5182.452541908749,4991.918224232863,4886.058421417933,4896.215561128093,4450.4708917405615,3963.0860498165152,3582.0464094667755,2818.4052793986416,2263.5739571976164,1.3855421686746987
3178.6131881865404,3636.6495128859847,4244.192567075382,4590.881411907366,4895.376302800419,5194.70423243131,5127.6979061470365,4944.554771916596,4812.820541041943,4415.995888957658,4149.871338332252,3669.6921000927687,2993.578078724157,2396.5785466187153,1963.9762017650742,1452.4656423876427,877.025177395034,445.11304134582684,201.34535642292502,164.15566486661467,149.75149717724136,311.0471996240568,515.738624192416,849.7964469644908,1236.7867374652997,1888.8205728386108,2272.024264378373,2961.408296434216,3473.3931195161576,3989.207962159703,4365.023237662553,4775.968228033823,5186.862176273846,5041.294304875544,5042.584277281942,5083.429148037178,4769.671253516684,4350.308921803813,3746.7771668946793,3287.006191357148,2560.5869843283826,2071.6874785191308,1690.5818291439764,1007.7749204308161,550.5329379837106,328.8805639007196,292.2936157118005,11.206800323948254,359.15777121287874,428.06161594927744,864.100688346793,1174.4774997727736,1845.1690266108444,2295.6853895963095,2829.135585734602,3400.8008042162205,3932.3355726954887,4376.845529176769,4698.5431058217655,5126.899717609017,5282.145037500791,5262.366941382865,4971.819847201501,4634.5610570730005,4265.23205927493,3792.331256786199,3376.1857441603565,2923.74829760713,2313.9861453479084,1710.2279297269977,1.4056224899598393
3166.9100484969736,3692.985188896532,4294.075165299758,4676.011185192748,4979.428368102549,5209.402662603357,5161.80563390178,4981.2710991840995,4721.952006672472,4337.392578568994,4057.6927108543746,3389.0637374874473,3032.75845848313,2502.444427103762,1665.4610901873184,1342.555037776469,851.0796190437524,465.4368199161555,170.35552879586743,113.59434014513536,267.2468342772288,309.41381373883814,695.7903758713412,1198.1453139233693,1659.0150545675651,2058.0002061335927,2605.9854737703577,3331.3278633144137,3740.0142781789764,4307.367750219313,4582.911746415996,4937.250962887475,5132.824633247328,4992.800979408762,5071.091935797594,4833.1541872935,4511.105531925915,3876.082069455015,3432.3795195464622,2878.3488188547994,2272.011202334901,1839.1991272997682,1205.140042108417,675.8428152998432,477.05391278121743,143.8512674404362,124.9423118885296,85.59329204385278,529.4877344127996,699.1137891684693,1177.6488539134036,1698.0591029985153,2111.7334544594487,2828.8880122795476,3217.0756231717273,3755.348011151778,4477.122643262968,4576.604904871248,5105.52404649973,5106.196229267571,5228.585522568979,5086.35118090198,4849.953432777016,4461.627369630693,3797.0183521518084,3316.058420928065,2840.447610635888,2299.95712735322,1720.0770362257385,1161.011857271652,1.4257028112449799
3148.8285086451456,3734.9533237417595,4152.57431003464,4647.362155130295,4937.763184474936,5128.454279060967,5258.424011734817,5121.293181504432,4668.714765946774,4467.238416646951,3892.8005601493724,3387.7659451515865,2905.102474940586,2283.605777381134,1615.5469848522673,1026.9536875525123,638.6317843574766,322.8202428712003,307.9299921941376,86.62388072721517,376.98974269703945,499.9837414735749,760.3537471940186,1329.062131775652,1819.2128932243247,2433.587919731488,2969.913774812857,3554.2343257020348,4183.215675494395,4534.256937229189,4908.152172908861,4929.052656628348,5217.91000163244,5012.257124728297,4983.795647007997,4727.2976126715275,4031.0896733874097,3651.2518447058974,3176.3151781380802,2578.4986943370923,2033.8455811135784,1391.8978195183604,1038.9156985164593,529.3697481556248,419.2721336901464,162.05605356776536,81.59356301978316,200.59251431193633,608.1393880118405,1010.0900296513944,1401.2444456678827,2060.0208109850028,2524.2256337113263,3138.786532128236,3842.695903188108,4406.011984203823,4687.462971149605,4960.300068198553,5197.566770523957,5121.600401923526,4911.019207050559,4828.175213557061,4524.6522627531685,3816.972593128381,3400.5830932191357,2860.0154890618505,2296.800803614609,1622.0638147053978,1199.496427187922,684.0905799154627,1.4457831325301205
3249.0406507808975,4002.171893603674,4249.625592868678,4816.998223081148,5006.714087205781,5131.922998141577,5257.705267062573,4901.620236163328,4618.154915316326,4158.722822108799,3836.563800532398,3353.064450284633,2539.8571863882344,1934.0459419577905,1337.2158405862763,854.0479510226645,585.1627812654331,204.22272461787793,242.84240561169477,28.472123454994648,275.0911282707432,719.7390121600745,913.5863265164312,1362.1209133574212,1919.784784778258,2752.2925970751853,3093.63675219664,3876.115408177852,4401.347621112501,4774.035573814725,5102.734765085123,5054.24367043117,5222.964263338483,5021.138713242158,4738.026509215759,4396.593004365928,3905.6162546287105,3303.8838703544607,2590.525725856412,2143.794936042194,1660.144410310022,1021.6034033799533,511.75976942730284,222.54356033695865,76.68893543310674,248.11779235333086,260.32683830213097,650.3115572516273,884.4960423300528,1301.4261317081584,1912.4412928497575,2502.924082648002,3057.1370442046814,3824.425924824922,4246.2490821449355,4502.178754429452,5027.286785499286,5141.043250876358,5020.728698614944,5041.391902655695,4744.469403450235,4268.352828746801,3979.311237382508,3440.141438597464,2698.7198535416096,2342.115825781122,1506.0924530025384,1248.3315837231094,540.6646336245744,265.3601171176532,1.465863453815261
3516.2642462421045,4065.6714858694418,4273.703643323741,4697.039867578023,5139.8609146472645,5262.389167004671,5176.191221904744,4862.648821862323,4569.674264577554,4284.542165094875,3709.194844262637,2939.463965648703,2496.9869244216293,1930.831764363441,1163.020548581873,966.4745959716279,402.52466160120343,123.20067915064112,37.22095348273337,325.27095746956246,501.9112754649032,671.2384868930915,1300.8791163147564,1788.2908331622134,2249.3896480504204,3035.4248931710263,3617.064378632659,4058.744345824781,4359.151639532397,4956.460331374234,5181.873500594121,5135.938838067575,4954.525441368208,4757.586985737737,4563.808790021854,3958.722208977344,3406.643693074751,2919.0764826871473,2456.2381411012725,1810.2958989691042,1357.2912859364742,861.3521790873147,319.41417498771244,177.246404655574,74.09745999237933,197.30476069555957,581.9285155879397,844.7257635687278,1353.8716722062632,1955.74497437927,2328.2045958340723,2914.991118726624,3746.9315167408454,4193.411327224524,4456.747104099502,4793.075584113791,5189.6058143263235,5085.462171946995,4997.146836320894,4933.467142469974,4447.772654285444,3852.892547758646,3499.8724034716793,2884.213224709215,2205.580247830908,1599.3194099285345,1211.0791730343958,689.2344516389871,334.44280148286725,66.94997566041104,1.4859437751004017
3384.9490800107524,4052.26857174039,4354.227437764734,4974.628999183404,5058.787952556622,5229.693129745788,5075.170542483348,4759.337996161201,4554.667815816501,4123.9748521273805,3641.33694815074,3051.4436184046003,2349.5630864578393,1577.1386987131843,1133.8352664843267,593.7925113556471,300.7907068237423,336.1020715659509,151.0244003189499,387.6358407033092,594.0413833333798,790.9125775780984,1386.7096601585743,2013.5809347153663,2638.921528661846,3208.1358824772383,3710.78792849816,4408.33800826422,4629.826405520476,4924.6820425192855,5108.621780103231,5238.412743804337,5042.605384263411,4804.129053207923,4325.62023595367,3651.4034871053636,3060.385340257871,2541.776148758979,1848.4909437655429,1272.51265875608,933.263913986123,567.4724002879761,414.30881036596895,268.08136461353,325.8172496818848,363.4037673073519,689.471055048396,1236.2662484456314,1755.2198369306561,2223.887212601512,2986.024698911266,3440.9477247424556,4192.25404042268,4605.917181967662,4762.795153332001,5061.223053899814,5290.420022715839,5160.387989199216,4847.937105965631,4370.6673585068065,4093.167777337648,3347.0352212676517,2907.111869883709,2277.022747536473,1612.0508642960983,1082.3867157565428,796.930573517815,277.12586995262154,47.04207427631672,11.099665058774796,1.5060240963855422
3570.1151853458055,3911.26774442642,4509.731499080513,4732.6393957830605,4969.2523856817415,5056.634837927509,5129.907959342941,4694.458174323785,4303.272703484696,3816.181036765545,3268.0306826608494,2897.9582518128136,2203.3019727197543,1668.4960189693197,1026.0360827030704,478.9836166730796,385.7407324795189,71.42334726984377,210.85933955092008,238.61722194931994,761.6838761019296,1207.903980286186,1689.2371478922164,2248.9295379037117,2753.8155189878767,3487.4482898567176,4135.102751932247,4568.494681184647,4987.43053454251,5060.767917982232,5093.2054321134865,5196.698758179848,4878.913913253076,4597.272442410983,4134.166793466881,3548.891365914901,2951.1236597314037,2271.939873163206,1496.4004876270765,1171.3695228096885,649.9098661712624,273.1154091167531,29.61426481847567,217.09336285507933,200.70861984463417,713.863436682431,946.4160022157749,1457.8614418486654,2004.2882508839632,2664.668553751144,3397.578169496857,3872.686646782417,4543.994278989071,4917.492573750615,5002.732562478301,5272.173614564633,5113.041856602457,4810.697813641215,4632.915805195924,4203.52779837325,3570.5156406808433,2763.4658491599603,2161.459137258728,1733.5132376878232,1289.3532149137272,829.8151863237929,452.8586629908146,59.01226380695403,222.07425826365755,408.00383651180437,1.5261044176706826
3616.7271524413,4223.535651489354,4602.511777704293,4886.570750536527,5217.535982589734,5118.94065530318,4888.961523296079,4617.5853892321375,4347.591025827486,3878.180421440312,3378.579797895762,2501.938620787955,1939.9369763490574,1464.6855304391304,985.6699360685562,563.1223400195779,150.70126695130077,63.40226475750762,315.35193583214794,466.6296662792959,800.3108166759265,1358.0803342515578,1715.3026424835898,2509.3175432230596,3108.8507654067603,3655.4877581413302,4134.624660502344,4620.635823586807,4854.258534771951,5248.505703233345,5226.747273214337,4958.213174953788,4528.90765584677,4098.184821445783,3840.176879891354,3222.9490774764286,2375.5919732915054,1892.3708270951654,1382.3034602081855,880.7312017478741,322.93885347157857,360.09158288652543,57.57655050953099,200.9297445219058,345.82078134096105,874.1540879933426,1413.3422210057051,1918.4404280376539,2487.0778610460798,3121.3062592887077,3694.3074067723446,4189.02002359739,4608.419937836996,5011.606464637011,5102.154861045708,5070.862975518169,4814.777987313559,4588.965190588348,4173.585904965072,3646.459475521409,2961.576956804986,2226.7287094367866,1722.0147478629506,1149.2249903875606,831.8087877481215,341.4756110403629,132.7732702578617,155.27332593157053,309.50957228485356,542.1496903251196,1.5461847389558232
3672.4481382950994,4123.2844478549105,4566.071588616042,4883.33868512365,5207.61069256258,5127.9183917270175,4929.593932021433,4701.174938096081,4275.295964866163,3579.415131063099,3065.0199944708856,2355.4958132474517,1929.4696344628055,1257.1656526466413,641.7971161689106,490.25956277802356,160.99149225290722,222.76208859178607,406.69635153340045,663.7075307212401,1005.9963471717043,1377.1788185967835,2135.812210702217,2657.5654446564417,3281.846487422349,3811.9014777693023,4407.816487132855,4787.6500238247245,5179.6757860409825,5279.5952274213,4990.049970031482,4762.055682353093,4560.512180664749,3988.250143629769,3388.1070347412538,2761.425384354059,2166.210994266231,1563.4232156576386,957.5321584098633,632.915279273519,411.23840068680903,86.42137886332883,245.99742475858324,430.08925677627917,782.2265333884742,1264.713712549108,1840.0279701546226,2295.4429278873604,3036.3031846414483,3536.182284046509,4293.496233995012,4777.654784801304,5040.334971140445,5003.500884624655,5245.992557285877,5049.885236600068,4751.807955779988,4290.815066994193,3789.449537344807,3044.9173092242377,2551.5516094696804,1925.2719843030675,1152.6019752104676,631.1416354391417,283.88722061438057,145.32887192956795,39.10047653033459,239.1552352567582,571.4815500200688,1072.9855816833199,1.5662650602409638
3795.5001870188785,4275.473448879753,4743.350577247469,5126.954941240803,5022.198443034044,5170.298616266947,4815.253092721903,4586.794939897455,4202.53843612728,3706.312451767148,2859.4291228229067,2169.2934132269615,1594.4506868492592,1157.0810111997598,695.7509372443055,280.7087816810282,182.30085786346172,170.2769372841111,341.24398877033946,699.7686285213449,1160.2214940894912,1817.9687324924566,2353.383380981138,2909.838958378461,3706.9501744238523,4263.88774688873,4728.472317496808,4945.656944963779,5070.444610087452,5058.901725240344,4908.3819356075155,4617.82667385446,4165.801518230653,3772.574595794067,3138.0640763021192,2492.68550552778,1652.415537630674,1301.4589290045944,807.992123190096,445.48621186965,183.31904805133877,227.74553767961962,160.38829335945272,587.6925655766158,1107.6363947222587,1598.7329686425448,2336.681463398516,2882.8468756848615,3584.970927506254,4077.6723584881115,4555.875802778367,4993.080202906168,4992.837906229428,5267.4204657923565,4935.327467378162,4644.029762499747,4394.851110510992,3658.042489613213,3072.933402457716,2409.886098335346,1906.6437861469387,1186.4069157549666,693.3895796115809,356.41485848265944,98.89416556416127,273.98345685481996,387.17830016735104,668.1521299595463,1065.5588056325857,1386.4271734117817,1.5863453815261044
3738.7386699852696,4329.072684187037,4663.554981290341,5005.286311477437,5258.218797677292,5127.219444877578,4894.957506125005,4450.920585385556,4021.6960823148324,3574.169151918732,2875.1931834841826,2059.160400774172,1648.639102113555,1069.4296624872677,679.3779681210993,192.30298723288905,168.51782678571718,317.89224227221644,470.08728025212065,837.8404159348896,1222.6359319093021,1959.3309591475047,2606.878385418179,3227.953101929528,3878.607800230726,4424.450858449774,4683.847354331712,5071.240174376675,5093.219100921544,5165.855061327742,4879.633391402949,4616.573808712138,3870.3451380376086,3290.4710831042194,2655.0870993439617,1977.5087376913023,1585.2170942183745,886.4388781274723,358.76817633493744,180.49599658428195,23.713408560285497,114.44472953378497,512.7899503089121,1001.216708630862,1507.4324271042306,1930.6766617628562,2632.2829889010072,3393.452285495622,3853.1053824811156,4274.453426591333,4911.448533555968,4934.217781287005,5264.7152257425,4962.491997913108,4758.246193716821,4405.565108650566,3784.514312267645,3127.6741757508007,2492.5500186256977,1988.0089115164658,1484.310843101675,921.8878603013801,393.0318369279474,214.57079278001495,54.100081194913386,358.36263997729463,619.0254630714612,999.2363532131462,1353.4858561893393,2119.5125843790797,1.606425702811245
3754.196920995067,4193.727180495901,4667.147366823871,5144.417936176966,5293.092622208335,4933.000718105988,4716.513941810861,4406.793762883731,3863.008298679164,3330.813002599881,2526.34926533956,1912.874834357631,1270.9590527796822,738.473109259404,478.9308694188844,219.03181237874418,269.5382089455104,279.8686954948061,549.968004267803,1047.167237550847,1460.5451339192114,2039.439875287896,2915.867620497464,3432.8982005942244,3919.5940327631647,4413.1788916680125,4952.199805503137,5083.283585626876,5060.28615686544,4946.889004294745,4567.124421047911,4350.410829773326,3785.7007354800025,3007.4554048884906,2491.765309170807,1733.32510057867,1126.4375760353012,638.8625728466437,213.27394255428425,88.94210453999425,236.9836487414672,398.09219565746525,592.1798322939908,1246.7249657781888,1827.8897176289447,2327.3834128174867,3151.235841654953,3822.2187090488005,4137.570648036586,4720.35599746701,4914.356161100092,5214.327501815925,5093.973044103224,4991.090183501734,4586.109102272669,3998.4687813861647,3256.2918193330715,2895.9667009316413,2014.7822220580654,1461.7303232390404,903.821355447723,503.1818051790985,104.36413654007595,296.48395184193475,333.1487506714035,625.2836359491841,832.5443463865488,1467.286346671859,2161.5790523262276,2730.455299376086,1.6265060240963856
3954.950641972668,4415.6175549702775,4860.193207948316,5073.321051584475,5009.091665521438,4922.624523131622,4850.427818292168,4456.267017022808,3875.8940087274877,3199.3251711713024,2427.5472037674804,1825.4797387159365,1378.8616802802476,757.9717195526398,263.91858190743216,88.03986222603014,149.1095330909714,213.64675330612272,519.2761483168179,1097.1725863284842,1579.4521749784572,2214.157196253296,2894.674831289112,3577.280986182614,4164.0226713927905,4634.832759463332,5044.312302755783,5094.439027177138,5008.772916260349,4995.519779392032,4457.505585091949,3972.352013582362,3419.335251023838,2839.019038732991,1958.2758470426722,1521.4534413139504,985.502748148518,457.91482998498174,366.45885315016744,225.72156241168668,305.7109456477254,652.8948741615941,988.049249542393,1449.0189270244678,2210.088495313686,2854.7889284420835,3617.61295372926,4151.103182876245,4641.548100567391,4842.428811127748,4975.007825607204,5153.9369102638675,4819.539950325823,4698.52012729296,4045.102108370769,3483.6339889523715,2759.6820456126643,2307.7751648699114,1462.8254485002308,1007.2867318971685,547.6959616024544,125.92718729780032,28.2138917511034,352.4425308076366,488.1823567905566,797.2796201942978,1377.4561646538973,1932.802057231657,2647.292301858214,3260.1715664635703,1.6465863453815262
4019.9360026002564,4569.412187625579,4735.579613013189,5200.993223495678,5138.13678130083,5073.01471560613,4617.884539344369,4237.871877145176,3671.0636975197917,2908.146737818071,2436.8757541259893,1795.0326123989244,1145.3230559791746,649.1653267696389,448.98962998079367,134.60182639078803,82.66150902595162,334.00067451627007,922.2550352993685,1165.9376799499082,1772.1495173108804,2656.230401334476,3412.9037322822737,4011.098336455733,4503.123190376046,4699.115296217715,4938.2077543798,5080.324098806254,5068.765551074551,4656.293939987246,4264.399672915573,3550.533674709464,2947.7350972076674,2482.4653840781293,1635.4084943429973,1218.7303781171656,546.144978686482,201.35621108608908,117.753299852483,282.15804917596785,543.0177301002064,678.4188157416239,1266.6218703997022,1891.7861462798196,2549.737434516093,3194.5127990245537,3948.5329732440014,4437.335750370322,4990.928189429139,5233.714977202439,5009.978256016835,4915.855891414024,4646.939082432079,4224.296922830847,3821.980298516337,2966.8334430250684,2473.647444423841,1768.1751611294,1054.1435783480656,596.5079703532825,203.02692248025653,304.84880316813525,146.1879181535853,525.9722669092067,770.7972100188802,1217.684439245138,1832.4349430727318,2660.651353652604,3122.1408910389127,4009.5745073075386,1.6666666666666667
3850.43860745509,4510.427303912989,4787.488468256014,5213.821240038542,5074.018657993489,4844.500552955623,4693.560654054227,4217.463980622361,3489.4147628791134,2811.3261862379445,2113.288331498983,1587.9989434746349,1082.8291495354886,551.3588411472493,249.64601886214922,90.23881288300262,124.65762490594916,419.7559003150111,832.6026303148218,1533.1940232267743,1993.7651162365444,2836.6530627339553,3414.096229198631,4082.7146441634195,4742.525396974177,5004.3052324642595,5172.5148584972,5025.409529500795,4859.466403147071,4544.594021030791,3936.4332932998095,3533.4215801607543,2656.3764553020683,1945.4852142648226,1545.5252590940177,886.4831084810072,504.54754413291624,191.8390827559561,26.622462733470748,434.1482804806293,569.5022036988489,1001.9050904583967,1783.1318960185454,2422.6938162841816,2897.1982743623685,3616.185058803485,4245.646279540234,4748.83189101656,5030.669781730824,5020.743382544952,5188.695178802591,4752.827908833189,4321.563973786406,3940.2117546480704,3155.9310172472806,2674.0940637485965,1789.7836200497868,1141.6033395473783,674.9863513533684,302.64680019271543,210.78560241867268,300.09379503749534,339.01032366401154,703.4909607400775,1318.701192944417,1711.993744337495,2371.3364061654715,3105.279160520427,3992.4672048802354,4415.686417684684,1.6867469879518073
3900.271963428195,4568.874520674883,4966.972550827018,5016.790057997114,5186.974917119892,4964.209713855877,4605.337592404892,4214.965447603941,3485.2808376866633,2662.733227697063,2000.1924134007938,1369.0216378767682,924.6164663119445,315.9631076351457,146.1871897026795,191.73195768350797,313.0913236754192,728.7050089004673,1175.3420092352071,1629.06252594401,2369.7471034141536,3157.859178103432,3667.7614399200925,4412.230906139921,4676.611653513784,5041.469788397969,5022.517851087533,4927.899773386664,4908.846772585485,4265.197009873508,3799.2305642703914,3061.5949811946516,2365.83940289226,1650.0913058521855,1043.6391359733054,583.8845053144375,310.4046017036571,228.9681007958702,353.6082464496338,300.3528146087999,769.5555761502867,1476.7784973576888,2105.133128611911,2806.4302407600785,3543.884777180475,4110.050657495946,4494.697083559467,5014.918785340415,4998.099882007172,5187.777194048555,5028.643754353265,4686.210863154644,3984.6685105901215,3540.1205442904065,2664.3341017132916,2062.2188921449037,1438.8875366212678,706.7743990577634,568.9436249740663,302.9566873862797,57.88032576303301,238.26894890892393,755.3112932314909,1016.7959028513452,1601.1620838945114,2360.189565713781,3028.26194772056,3825.37213834424,4423.203858144349,4692.970417998522,1.7068273092369477
4151.0099168892675,4713.4935787455815,4826.610197009842,5061.785780457071,5197.498265831361,4898.232467688785,4636.593205917636,4113.696222095977,3311.351899942107,2703.8476707328446,1972.9594588654927,1281.930680588913,663.0644570717776,518.3568324977981,39.78497572944436,148.05132965663927,371.6848763669984,632.4621768505029,1253.1877407750314,1778.7688394699446,2712.421207184092,3219.551072768122,3975.653657062551,4372.18674082421,4776.897797774896,5248.078243283907,5024.039409242141,4919.268347009075,4754.107813985392,4060.4872017714974,3382.6479346947986,2854.2068994359083,2104.1914986701727,1473.5166077960744,980.6089317509128,580.156545803716,104.90035654652537,267.10880886017986,314.072513382746,515.119466150363,1119.4932302568798,1688.5994412169528,2596.818641428819,3209.673735663294,3825.5483727228434,4430.955595678178,4921.37147577138,4939.792064489708,5025.930708208714,5135.087704094977,4605.234348861168,4169.719014063429,3669.1379676064585,2850.5913927329702,2313.3601629100604,1523.9065503140605,1042.3036225320157,448.27052785915373,158.46622714957613,147.16916521669432,304.54188926927554,515.6674801037661,975.5742622186831,1615.663771600249,2178.896834746368,2990.543802188093,3782.287268169981,4310.124887266936,4831.809915922689,5171.651013650074,1.7269076305220883
4094.1038286975013,4605.913191379319,5045.509491167657,5188.460132605616,4995.837906646535,4870.712355312281,4580.067769406239,3868.190501345763,3222.3593709266543,2487.777167799878,1829.3229618700598,1027.5196515556538,588.6245610727674,268.7356680832287,25.80476489030741,160.04244533953735,366.23044873181055,782.3344868913252,1360.5829325942125,2087.7138473694804,2831.712223823275,3436.718304521384,4154.608860493289,4710.852389407055,4868.1605169729655,4994.457136657738,5150.422514109826,4713.5820946303875,4389.566222150806,3707.611865574647,3178.568256626162,2528.7342680210472,1820.746746816359,994.2712455205083,544.6578225691645,421.71173148734874,37.06413891500225,178.36667832999757,397.93860745967186,824.7898535664034,1524.5535473161974,2046.1105738527222,2939.1182623514123,3409.8539160049468,4279.203791067773,4694.576103865426,5087.280367090914,5081.2943540298775,5043.87908435834,4917.7772992364835,4404.931805183165,3754.3889549733653,3054.756877307638,2354.4098126901886,1697.4118334808377,973.8217425330549,478.83149307255997,213.98575748320457,185.81481815594353,93.54854231240674,357.53342067482646,907.686055929718,1622.7658966216097,2310.4909939598865,2861.068599943996,3656.0863152098714,4070.971382876679,4790.16211809314,5141.345716757842,5279.420255863397,1.7469879518072289
4106.527095117444,4731.065993593832,4996.378840603852,5172.544449757633,4972.2809213613355,4709.2765365828445,4353.064753046826,3621.9108141834618,3037.5272219241892,2333.9869055755657,1598.2194250785055,989.0027395331264,419.45004928991426,261.08966769369124,248.90601155476696,214.48972236341797,613.1187466759,997.5417009004976,1773.800609610569,2210.8599230065215,3011.2763122046076,3726.312711435565,4323.0439734754045,4780.252828333999,5088.326846936232,5233.242636777748,5019.54243494592,4651.294220540049,4053.1717658721695,3635.474818735599,2959.78313891434,2154.091208809059,1440.4543925729247,870.0825022039555,425.4646435339068,213.8099430974613,24.379132153662272,277.35428859326294,527.8952548454314,1142.2115843037209,1902.112265564557,2510.3547703283116,3206.5093288126814,3794.3269817323626,4574.107627383619,4989.260061545936,5087.05247869748,5027.853539190521,4847.494637702013,4662.629391270403,3961.981851808614,3344.5887004389288,2673.1827883144006,1828.6508732510974,1214.464784595851,586.7368971342199,371.9562589252861,190.57198220799032,274.1689533851434,295.07523082385376,851.2754898213527,1310.8604107273925,2104.249572835155,2844.306442846314,3556.5572158624072,4176.29171540191,4623.712265569556,5061.142291873586,5071.22169593761,5132.345433664728,1.7670682730923695
4111.790911207049,4611.069203523923,4939.875769676,5041.243449922569,4988.322508481884,4703.203289106337,4323.998782479435,3565.9995261909708,2996.4025614018333,2149.834653065869,1493.8127446006451,895.2256720656637,465.11343863323464,332.01193460704496,46.865650222015326,310.4838375748061,787.7801985261176,1103.046001879158,1910.5952231962929,2539.8182523107935,3297.5506293640933,3806.233958086264,4478.572335842972,4960.234790476758,5212.193941020542,5023.105038362358,5014.645907790634,4547.835299880394,3838.4033291188666,3241.9739637412968,2498.412936172461,1976.3644385894374,1334.1676445966036,664.0475149061334,320.2035208311888,190.09535072542621,166.87596876320154,542.8558076228405,803.2804761186377,1558.3476729323575,2209.1858882438814,3065.891386583244,3514.9947509805356,4254.70116208697,4713.539846177145,4913.367658752106,5087.694641954762,4994.411868343481,4591.163696148058,4129.261265466748,3681.1519415093835,2991.593511825916,2204.658665008248,1396.4148532493002,911.5997744004387,577.3593395360608,107.11014812322705,282.93736238735823,188.32852730746512,841.1433670361077,1234.721303278009,1806.1521440377608,2612.0300995406064,3479.828343543823,4109.852765294849,4550.174167060807,5038.847224092093,5028.826914988414,5231.842510815065,4924.4117821513055,1.78714859437751
4286.461772240816,4634.267485888537,5010.374339670919,5043.921219340083,5056.304202880247,4825.393853019697,4080.2155313457565,3669.5877092307373,2961.7314806618006,2075.029722735504,1419.1162403355302,871.6258292831138,428.9008612615976,115.41706849327231,294.28341419726985,273.37768060321935,771.2150053118763,1434.3700058792824,1910.594310404796,2637.6658702332847,3522.628826047617,4192.079457583437,4620.638747170555,5084.872460237328,5174.478910623116,5079.739977281792,4773.895248838209,4233.855559323881,3618.5281550334107,2884.0888927055607,2259.075112087498,1615.1780970537905,863.9311382371715,612.0685556945061,236.16903578752854,145.09112718134213,223.43906863645017,769.3835729859869,1229.4694095671255,1830.7215140787343,2460.7818232777313,3388.1737899529912,4083.6506244423945,4614.271589022221,5078.534232085492,5096.255773390994,5028.023421882379,4779.559223355798,4548.53088140661,3830.0183880259688,3256.8553935820073,2327.829769806667,1823.1669692467262,1148.0265781511046,702.8534136101847,248.37915465852853,188.68153807728274,256.62981973027,699.3497672980527,1154.5072253054714,1863.8679929971158,2589.7336235883395,3303.5891675969583,3759.4635529334405,4580.678195183345,4877.347614054144,5153.092662311394,5210.174220178287,5037.600350454428,4458.519431215373,1.8072289156626506
4416.032044667825,4815.250488845844,5139.1350742810655,5026.732954837882,5003.50349938282,4577.744533649784,4089.701094846554,3316.5105446935745,2814.4048416414016,1893.980915038319,1335.9004689466344,843.6493076994561,217.30570113506502,174.37015451726265,265.8316533544702,563.4224682896183,973.602547489575,1380.255974244189,2267.614484692245,2923.296147424044,3736.676006934523,4345.518817258111,4908.2053055239885,5013.712741144763,5085.69966676595,4915.302649717051,4490.392326085635,4198.7337618430565,3545.692508763096,2643.083702166118,1816.2262759825167,1134.1827438556522,835.3984291100714,377.28981942889504,81.3309852078801,319.59648957962713,513.2688998358548,906.1213295016901,1550.949838068954,2115.4026112020274,2934.6118835387447,3810.795662622965,4440.339400576557,4905.676086852373,4955.138494218292,5165.720005332959,5020.240336660249,4717.388679012152,4059.724684030096,3256.124041327871,2608.1587490610905,1955.2594965686403,1401.4666835876333,601.7940547861323,324.8198973231722,92.17432104174136,197.94769279516024,570.1933472263178,845.9553683626111,1461.5060462270708,2154.309813374429,2982.209438343853,3789.550001540553,4228.186843770891,4782.7955627194315,5074.7634060765795,5234.263923605021,5002.513660376557,4616.266971915678,4015.6828565637957,1.8273092369477912
4405.525912512833,4897.09511347535,5137.624421019337,5039.463657677557,4899.485578103894,4703.501834542871,3980.189261965692,3240.480980813816,2501.8775601295015,1874.1766770530803,1159.0888067252552,496.31883118993784,255.50825314631768,212.77583259453402,175.5079379007122,635.9117322187556,1048.1198679454803,1831.712965023266,2490.925050010704,3237.763510212568,3836.5398168992383,4622.495356956489,4899.882012801983,5022.086714395005,5235.0906238523985,4916.358727208449,4592.171191362636,3956.757658937771,3265.4616836398773,2503.2323492373844,1555.5648557860875,1081.615198737347,463.5801460432011,307.63084091395206,9.325214828512479,327.7571723857642,558.3344615418772,1213.4552578767396,1998.6030262274176,2563.139736106747,3333.0465785475044,4119.757169721761,4652.899031496772,5031.508195942519,5018.986905254234,5121.760496956058,4648.297607237614,4316.143783718249,3650.5721935537763,2862.112346152853,2176.7257576368756,1618.4735151254959,822.9982179582046,349.76636893447926,123.7314265192974,103.91413559191615,492.65831818822073,664.6994489159938,1341.5109657632704,1985.699023931986,2727.915309361651,3612.9183031447938,4065.6676298920647,4658.856137707067,5148.668743207819,5010.647788022825,5166.0345613097215,4701.014443663493,4064.858752669347,3491.3431209113915,1.8473895582329316
4264.208249859938,4771.675307728574,5144.683663395442,5069.2259594609795,5070.195685304791,4587.47097855643,3955.4480610506316,3316.8655773226074,2466.9266942453482,1737.4355028373752,967.592515030298,567.5497467433194,164.48784915742897,9.75976205858991,210.19608122283068,723.8849760626011,1156.6516699808672,1898.8083247506943,2688.7142418611725,3491.067930181597,4207.190445741796,4518.371878999137,5064.487655765298,5162.299876964312,5182.604399986872,4704.304081762328,4147.144364171346,3701.406771606875,2847.8535078050145,2165.099264780639,1493.5156177749868,732.1998795941255,517.1723510016116,290.0001998721774,207.44229597763183,317.6833630742739,919.7805264754572,1427.333620332816,2131.756296303942,3111.3912227251344,3729.244648896453,4310.175621714619,4929.755077507906,5152.495293014984,4992.407008358209,4839.029691986643,4420.081754780104,4026.641049536477,3129.990778076577,2440.6362898855978,1792.1874449662434,941.596805249678,453.74085596540857,253.41935495200534,132.73104405398277,350.10437001534956,550.2182286196386,1256.4929303291308,1754.246302414791,2632.632052028902,3290.572847939307,4157.0409131624,4744.42809942542,5109.08201274892,5039.485734337157,5012.967161008933,4694.319214664646,4397.9802956842595,3508.448477046675,2751.3779646968173,1.8674698795180722
4442.74240431034,4819.612971747377,5029.10923392945,5123.473082470735,4748.01243265121,4361.930466995659,3673.4612771705156,3186.0381391724736,2214.309603330437,1639.1458561939894,981.0840868933747,576.1224503970736,76.01550057418078,263.28800088418905,502.46623584562644,689.8404916678785,1474.6725213503767,2055.3090724407357,2853.1813501026213,3613.058745695201,4303.17566539239,4789.51031649131,4930.189415472076,5135.811895525841,4998.889948387092,4596.610692569526,4126.457668220757,3272.3888343850235,2627.7079706954532,1861.8056110113962,1036.693084034672,689.8680843679587,175.00447946335248,94.7806947249664,318.9772632388267,611.7677656856079,1188.710685185096,1805.9416685150481,2716.2463131198974,3409.7608395238954,4073.756370654529,4648.268251968963,5108.185544404518,5111.141913847962,5078.71803051733,4704.027424204802,4311.570580860987,3481.933174985635,2832.212079181946,1891.239563741928,1327.0879889631062,844.5543302215356,352.0661840430686,156.1192543228661,100.03794838061107,542.6059776130944,930.5746845760236,1657.4040644068723,2478.5086882408787,3170.051915428123,3738.2714524030207,4578.495103740074,5013.041797757391,5188.697569934765,5256.233120448768,4870.059926344317,4419.288455094468,3656.768758706854,3096.122106677548,2169.000325688551,1.8875502008032128
4580.037552688212,4784.187748680726,5104.712071906867,5084.673376722527,4863.248885208146,4285.877341705492,3644.7568818670597,2894.416193583819,2256.4886472408625,1393.5749596905393,863.6516749503007,461.73235980638634,75.72330470761617,261.66991508993374,428.8169693847313,799.6978824434536,1565.3752964395658,2186.130570472451,3078.711791142116,3837.720294465645,4458.199019080667,4791.88944102387,5206.527298881405,5135.315580751464,4796.364146691566,4408.50728037918,3653.5792507237024,3180.4810043093944,2335.8378708682194,1600.9642484961773,909.1447247286999,421.53583144139816,284.8183225973551,126.58050235724224,288.5838665000025,816.1234386161003,1559.7365521736301,2327.631096558901,2969.7292114440293,3844.8308143358468,4483.950184734209,4766.777677310466,5106.825493502618,5184.399666000349,4959.087302287227,4443.727141366842,3882.3441971154566,3013.471415090284,2247.182109789624,1670.1961071121339,1059.9143416457118,318.870009777138,248.99349536998034,54.808990721178134,284.6754062710719,760.755247672176,1320.8037284323134,2257.1988277561372,3014.152969827356,3567.1812368653273,4221.625596649701,4703.553826997092,5155.8815607248325,5052.602568336478,5035.263059858384,4450.6480956857185,3975.6010225061214,3292.4907665923024,2455.542868472157,1521.3854459339952,1.9076305220883534
4480.172370516009,4987.694934010236,5173.7283987698265,5122.605029658619,4708.318547039177,4309.694574726036,3655.2705380374077,2838.4429869677188,1982.763220070671,1263.5803939556865,880.2961078110608,302.3892261284008,245.4006586996601,207.4905984952311,409.4230136645109,935.3045334474599,1717.9965763145678,2456.3340195774854,3209.2214579816286,3937.178402091621,4599.3936160819985,4988.877698192556,5070.138472817828,5135.16779781966,4819.239669089056,4279.172372025326,3613.222406211775,2683.9710636843797,1876.2236279501642,1152.6408235962117,678.0869664669926,348.3679351946193,13.021772181639557,324.66491797937476,611.9386316385396,1268.5550800486735,1921.162375482263,2467.9423271155238,3323.7540269606143,4043.9218426252155,4647.680920202498,4988.633928549978,5268.701771610976,4909.259324415003,4757.272186347259,4185.910982470427,3395.371067110615,2747.9184157822447,1966.9201024050005,1088.6561658688915,714.812824151425,196.4208691608126,17.94760662918321,321.00733544811453,535.4556795301627,1111.847786845275,1812.1367151737768,2775.6748542013956,3591.7971827971114,4202.32219944757,4733.089351756963,4956.088329993367,5130.384963827278,5021.755569223805,4596.346869853929,4140.735570939288,3242.941825360829,2693.2008755458905,1849.519312764577,979.7271439744896,1.927710843373494
4630.458185501639,4861.684725686164,5173.032170891071,5048.071032393957,4592.796453061271,4158.66120831925,3614.105179422249,2596.3856767436027,1830.6139928511718,1257.1306904617575,675.1584564124223,374.1738085858067,157.78952322221323,377.812782708472,648.6289783793205,1341.7927736589281,1926.8279800991193,2615.799475579602,3517.063726386001,4312.232234971295,4720.383990236802,4995.914582637608,5073.206605525739,5042.693121144072,4436.064687263796,3958.5491103113723,3318.370704726646,2508.892778373981,1777.44836142903,916.972732784067,641.7360731316072,118.65241528580135,226.02904782766683,473.2303500590227,910.825929262988,1370.5447603113082,2028.1246883779847,2955.1746716327966,3868.044706357634,4292.318807255719,4717.512385125647,5008.738321263877,5114.0270163908535,4924.804535476067,4559.356832063645,3830.5573145781723,2977.055106623864,2206.842350521983,1349.621317443487,771.1104419134947,510.0378446515769,172.0410836180779,214.09024887988966,550.581383438639,921.3498850321248,1683.5103879441986,2345.5183722124684,3333.74598174761,3984.6380475936203,4529.7690622685395,4882.387343190993,5066.622223917326,5057.9987039519665,4802.315041256142,4193.241873824402,3390.8521482893784,2672.457388713852,2057.0601802813653,1259.5799358086265,528.0162463162526,1.9477911646586346
4603.187045300264,4880.547083864106,5249.1411517638735,5101.253045141955,4583.627516523042,4027.0483198650145,3516.771665768076,2575.6975845212787,1689.101051608864,1016.8742922654369,631.9202412693975,165.01171160638813,244.37296099563798,233.18644860978256,654.203823214008,1449.6835573681246,2161.9894174288706,2960.851143075155,3600.2625595750756,4478.691737490275,4828.924574631101,5213.531688813384,5245.690505057064,4907.873732303342,4500.438627810365,3714.913287593353,2872.4400537781808,2209.4293262051056,1353.5047828551383,656.4227084183727,426.58916777661886,47.84059045528995,98.28743636797745,464.2139716764855,913.7354494041697,1636.0139487341808,2396.7396826165987,3251.963790260526,4138.25593819939,4522.601327118216,5061.337602979712,5103.737078064778,5106.808925717294,4772.576628537983,3941.5491108830283,3347.2639786625386,2627.0986282828553,1653.5662954861762,979.2664042798343,515.6279044992671,135.95850109225336,191.03089825266403,211.35612273427978,679.808785803108,1267.040854210561,2200.0684114549226,2952.328486657442,3605.0231929964343,4402.477023145437,4823.722486546022,5125.905786591234,5067.287685226291,4724.029548640427,4275.673209636822,3582.961776577854,2830.33515996185,2114.668321272017,1506.5200170102871,920.5861686650883,493.87726901178905,1.9678714859437751
4662.5070169229675,4943.99146075651,5129.393412605172,4991.8011970042135,4748.126781077872,3946.5931384504293,3202.4593034427457,2537.4741809169163,1691.5288879527095,1046.427056631893,404.89520403125897,275.8316686815476,179.2066868227936,298.22257540626185,938.2808715164393,1624.8480735862906,2331.4476424588665,3127.511485469756,3883.1285306445993,4415.346866607885,5024.659682140403,5084.048652307816,5022.133140203148,4614.1739860622565,4337.798486687817,3613.500576693399,2844.0987765508335,1913.8836449050737,1196.1880063382866,642.2790193937667,215.84797481546903,258.3234260031911,319.29155646920776,599.0611298283142,1236.1002068408197,2205.0593870033026,2840.0451189293217,3550.9568878257664,4289.326134348751,4866.9916042474715,5009.359124099861,5066.2512038077175,4823.401365144772,4274.296774720911,3728.457016702101,3088.247502013233,2010.9475049838863,1435.4137342092629,692.56000560447,276.60444354628305,25.024852961794775,247.09166262727103,652.2706885579298,1021.4998522363442,1831.6346194165808,2682.9995636224266,3428.272734877981,4270.723147179295,4721.26661522435,4988.505000606481,5102.097167158094,4863.550539439127,4621.011698886119,4018.017354863868,3314.699786787469,2337.4346243940204,1619.2455724686015,883.8410571762813,288.62517373010934,204.84991308444185,1.9879518072289157
4671.087460611722,5154.332830771621,5246.2880599649425,5110.611346073213,4500.8471167122325,3908.8726326674514,3096.3557998970177,2479.8466221647886,1692.5978072472176,877.3669883392249,507.3556432363113,206.9352968948304,126.82229216206402,402.49143359969014,1122.9491996188308,1590.3708572308542,2388.5932714580936,3175.1373410492197,4077.391658164305,4540.075417345159,5159.25529692538,5126.30372673544,4911.030962476729,4537.4320423578965,3858.384290712547,3324.9596853531293,2475.250052980263,1775.890438694952,1084.424025491101,603.36293918573,184.24472851990936,178.27559147941616,582.0632409087314,886.8188669055672,1760.4137558528207,2529.1301104986655,3316.609285386627,4004.1738224805626,4642.677332848789,5023.180315738107,5092.977123405956,4908.046456932912,4743.423091707446,4051.0641298173337,3321.7835959524277,2570.086024783066,1644.7912147604306,998.7567693300111,367.4411971239312,147.0130555787401,32.22898743078839,445.4356156268657,1038.014469999579,1612.0698448275025,2374.8283598114276,3031.335173313033,3890.3846933577697,4689.882781915666,4888.387597447469,5232.557274205876,5153.413842931637,4728.77372129629,4112.4015087886255,3440.21227897945,2657.969029512134,1744.1518511877136,1097.3457705778362,409.92490287161394,91.81213033123775,141.3239437575933,2.0080321285140563
4858.932597968905,5088.261184663137,5137.267620366278,4884.577444277705,4545.376386890875,3856.609565568416,3039.973747966239,2154.2220998074654,1468.7301457030787,835.1171632925807,275.59095592918925,108.522033440133,203.6571953291597,493.321866010998,1066.5712733409114,1744.8569344069354,2682.4285518730485,3501.598936932407,4297.947866101374,4700.387288991187,5112.500618123626,5041.216767233674,4851.935131533383,4540.980352571059,3679.4100410056312,3027.380383779762,2237.2856023371983,1255.065248564952,902.7340442298605,251.74361320533882,190.68593179069666,228.98887495959428,482.17686506483045,1096.3743530371369,2051.3154243338067,2900.0758148247214,3660.6363830176433,4403.972989993321,4856.48389364186,5153.75271243357,5019.310635440375,4736.178178250978,4382.782954022523,3725.2143768390706,2924.799324463992,2061.148481341239,1345.8097631349915,573.8039971095596,215.2594298933761,68.35401754495263,293.4154219841347,580.1802061553009,1138.048011661488,2102.6668800642888,2846.753440670056,3742.5602104709947,4367.091700022368,4811.600617018375,5240.309969485017,5086.893178180481,4983.303830345511,4194.537982678508,3495.1465801882246,2900.876867081657,1887.8205208619231,1142.8622964857,560.2667790116473,178.7134878767682,8.737827340142161,352.4576276262036,2.0281124497991967
4613.113299592835,4953.140113560287,5084.145193541192,5004.558449357345,4522.629898184237,3874.6987305668263,2960.918355725465,2176.2835809116673,1250.3232088355157,768.978533720601,447.9542844967026,299.6417606986053,366.03788211743426,718.0011438519662,1251.2676944759646,2060.467819397642,2884.100108540044,3666.058644996913,4525.6211121039405,4777.8722876388365,5020.7607156668555,4978.04231063031,4654.5591300740925,4212.178685978649,3570.31994136752,2577.634232836809,1977.8952268723792,1295.074884842759,611.9274665980383,174.22308680266946,65.83625088516314,335.61746143991166,948.1504531824527,1588.0409415627983,2168.0872779052297,3131.731517691817,3774.3101628582695,4403.971352895233,5020.260403023788,5216.929178533753,5031.283867226433,4622.720153439459,4077.564205683858,3461.5773653616347,2379.3207586515314,1735.9820155284626,991.5002978501102,448.06093664079833,203.13097301238832,337.6150725911262,499.4266493221498,857.9034343080094,1772.67117742548,2567.0683446393477,3284.5209828821944,4217.892016335104,4702.683986609368,5176.78634346029,5047.2802363325245,4862.3238238391,4537.304558043515,3799.2289361765324,3193.6431914336354,2236.300679308504,1530.3483551471454,791.2149513920351,432.4261036051004,198.0365775773938,149.04369007542937,654.2676901321967,2.0481927710843375
4788.458683408837,5187.703966672152,5183.2737343406425,4858.307075968355,4234.350141419608,3554.520259010381,2913.3947930459262,1990.8115838025774,1231.3631179791823,573.1117855770807,163.9812299283845,48.469772292783354,279.70120956207415,907.6889098067677,1432.8972299819143,2173.897945283259,3096.0784523379693,3753.3945906759814,4618.875775205582,4962.238820167383,5137.905761950822,5134.696210341952,4544.47892022142,3982.571903080266,3339.118471658598,2449.525960837849,1658.0919193117018,835.8358988668964,420.51587896179007,148.28394187175113,252.39213648972225,648.0844241240686,1079.8964392723788,1693.52834125732,2634.8179012728783,3345.7825113700264,4119.273219098694,4896.214963657251,5186.944643694562,5081.418275025535,4917.320519955627,4333.817400849908,3850.6273517332875,2797.5335862131756,2105.5089802769016,1409.9926325214913,749.2948207009596,196.33003624408727,123.67244868344498,325.36297729871256,818.7671813844914,1268.6326715149444,2119.5578072442377,2873.910174521712,3717.8528113014263,4482.169291128496,5068.180265289136,5126.397677481034,5038.882904961781,4574.984038530936,4112.621599060783,3427.7287011616804,2555.044200426637,1811.0966774219412,933.6150692507168,409.49591387868895,155.53297349002506,54.500957727706734,482.14188295644306,1022.1235675397613,2.068273092369478
4829.2791792667485,5049.361574959617,4975.539649224724,4882.78564474049,4317.199967990677,3646.429128819276,2682.7658710222313,1809.7606554270594,989.4385367359068,418.18758919364757,135.38038354064537,139.29584360046917,395.5882517760881,877.1247150659449,1649.2541156436614,2390.831204237443,3173.5307610693862,3908.1834498582616,4530.541335795936,5107.809102431395,5169.81524216774,4826.4469315759625,4365.8363213758585,3888.5651868680657,3033.483109802945,2057.2260036153966,1320.1305813219813,872.6532857050485,253.18094685580513,35.294305806813895,405.39297757527845,700.8718207353362,1250.7582550522432,2119.5966945643713,2899.226739796684,3756.357290832963,4341.417343811426,4816.190869533968,4997.060720147771,5123.844321346157,4759.179088443538,4053.289524922405,3353.444789772298,2377.35628246782,1520.756887979943,1037.154582322423,548.0432748867745,238.4514486772478,116.82269896067677,537.8130195419403,990.2041492449074,1677.0500420968908,2789.830451116624,3497.1668026181515,4176.255249472537,4654.405654720972,5092.585464487659,5000.0245173613985,4872.988604929219,4429.713651507506,3634.5198381944306,2906.485496194863,2019.5087736932096,1137.964815356457,559.4871248665212,310.7412407300724,127.35511649925762,505.46483275878506,889.5144733925454,1487.895241268428,2.0883534136546187
4891.7283047784,5251.306198203386,4964.57783444501,4926.7233396828915,4164.288305340904,3348.712782814163,2642.5391587809586,1634.5638981433183,1164.0959678695806,531.3023415612894,253.5932648468919,247.62453246263834,326.80307272641016,894.6813512353499,1804.9918371140438,2494.4595020817105,3536.8997055865243,4237.498269549275,4884.945477770042,5050.440320340562,5003.468913567592,4759.93700817464,4243.166235922271,3657.897066336784,2927.9184632533015,1936.5949590368007,1145.4258684336235,633.8280590135931,240.11942874565796,114.63052522876049,540.7333845918092,1031.3828074276464,1630.519158341772,2409.7965591043526,3324.070061951878,4008.952024477266,4565.476456814206,5103.990395449386,5064.950749005499,4947.133262883064,4449.108746437928,3672.7543453223566,2819.283805889542,2210.7687224906263,1432.2097145531668,543.4997401737107,192.4314557988519,254.96056731687224,301.3937754353625,793.9207114692445,1407.8787541842503,2227.9424680138,3227.0160475268303,4094.1087281645987,4585.996830174117,4980.510100290851,5276.894093982621,4944.062663109747,4443.551617754151,3812.977594430305,3148.8855595057944,2330.351657066781,1493.5120138989128,889.3756730899592,204.49939548108017,223.3818435877216,187.89661404006813,669.9889273733781,1224.3413841600309,2255.0537288503892,2.108433734939759
4950.531263642319,5037.898676631845,4964.581312946474,4660.898042249954,4253.996507663514,3501.3920347643693,2386.086757966413,1765.2323786258612,903.0119448119657,549.2856332008125,263.4766840673043,155.613906354474,558.9116351742954,1055.719710318384,1931.0805718360007,2661.6056658011407,3579.3691851439676,4457.290554988126,4818.9374263327545,5266.051836000647,4957.838149222728,4770.251526228512,4136.059802293954,3251.2783186244405,2564.1525954008084,1822.3918362359743,869.699550067248,396.71851236628356,162.12807036586625,248.9083646335725,692.7484979315651,1279.9445595165728,1855.0261319241488,2857.1581916189043,3760.7153191419065,4406.150879632545,4786.818338528426,5148.141716339319,5141.389531471737,4615.535447757618,4078.5335236912765,3348.129445851847,2635.426096567043,1780.6800450792678,991.2868194785258,571.2228906267562,140.56597315397124,360.9949437322227,644.3654134170496,1121.6050776735515,1883.5594375172075,2644.7981530672246,3484.471578786214,4388.934045504141,4990.106535348641,5083.198868011199,5038.656869030535,4621.177909528645,4252.529570240618,3357.4745652750967,2405.3726726723476,1618.9003021896417,849.2965817085229,291.78631302380194,95.62565764407394,252.79087760355878,455.6769694005732,1149.941935905059,1825.5038472397239,2824.3433148462714,2.1285140562248994
4831.788052565033,5263.42130730923,5134.934238543282,4552.985218317173,4088.357331185698,3370.3446760093757,2487.405160929258,1474.4731144130674,721.6884024422475,266.4371070342271,272.14368818014134,337.51545468546703,554.2138915743636,1166.230692911184,2010.0205214010193,2974.576071281024,3756.550828795645,4392.137664046646,4915.042321657736,5200.810196638977,5063.724945235297,4517.3380694206135,3806.1799001756885,3274.5760884504284,2387.080179728621,1471.3991502290603,845.3616721094376,278.8117474920478,200.2251705312361,396.0271596695983,724.6463684602314,1431.4520967532835,2146.3557080413184,3156.19150537383,3798.3012129198937,4556.91586236131,4929.956139029469,5004.320685325199,4942.69866166276,4550.145087185328,3815.9529900236244,3028.4612280549813,2187.997012489366,1248.1007534331475,597.2724780181893,321.412316375654,162.99771926223093,266.90666599262306,716.047229669817,1503.1877213296118,2244.5326003750324,3338.278476466963,4159.697844176881,4579.707752640361,5189.455395624813,5214.69196684167,5061.705139672956,4287.06679283424,3665.989677879858,2762.8006691551427,2136.084404273276,1197.3484033794148,630.995732216669,128.83779341910505,296.1855630563479,445.47460598151815,1052.6124054100235,1567.283595705039,2598.6432699534707,3465.8698489186786,2.1485943775100402
4861.650962029257,5268.885073077763,4962.320725053001,4508.3784343284515,4101.169914387407,3234.653840503382,2266.6431167444885,1472.964918716463,860.7501083126087,404.44617742460053,253.82086114871964,405.6111161185404,702.4777257702217,1509.4057892475223,2383.1682286624573,3295.16109290156,3942.855975378036,4755.92911392284,4975.266902342113,5245.817530880456,4810.962082550893,4393.701510633911,3630.3769346406793,2819.508893583084,2119.9320677642045,1157.4285481901775,611.7684237136147,270.6910215483309,17.008410993522595,365.4040752442353,1049.0793622158624,1777.004467072535,2535.8793101003157,3370.793100704922,4160.4749266167855,4853.251723294079,5091.6709389803555,5169.144683255977,4757.487524801951,4298.066732582798,3567.0784283777134,2615.27289333668,1875.8192342465718,1065.0046658796243,362.1581432589892,153.3391157528514,220.26979923297094,583.8879293344914,1283.33950078215,1846.1667402609005,2806.760404728865,3846.809191476078,4438.94675703787,4885.078475933267,5224.73410224984,5007.152238641429,4518.862666254821,3864.055350843271,3326.9897879263563,2428.0507764945683,1567.1647571953886,718.6048080031474,443.039583373515,182.6570018251406,201.17095758264878,742.5482645882751,1491.18835848475,2317.4249061806104,3209.6528026366695,3861.8910883635317,2.1686746987951806
4981.515712302709,5128.558447143452,4912.197173724474,4703.97422551961,3949.305825830892,3012.2440483521486,2284.9253493749334,1415.6755500306854,658.7867709742488,338.464583030932,141.908813646866,453.8992953905851,973.4135395416188,1460.680982073512,2414.8934004012335,3483.3480020438083,4096.841975485989,4712.490194662291,5099.013326379201,5074.719112368243,4739.971806927648,4174.112861047901,3641.6434454857795,2551.5162556088526,1614.247893509976,1004.7939578530683,465.2127574827959,148.48361616995555,232.4482546906642,482.9432419750902,1252.2056219989806,2139.2376276682853,2970.246046821781,3752.3790585803026,4479.290016686567,4902.4300586178,5068.8900485199765,4949.436934291042,4451.433259155123,3796.2203756935132,3043.4145041487996,2117.967306062274,1316.3235019219665,720.8138728976745,195.22536689102824,271.6338641434618,455.82344013251543,806.6509811864346,1559.802234478672,2396.355483374414,3213.933278990368,4245.363373587969,4810.5932472135355,5094.890768235682,5174.438369834234,4895.362283098046,4379.722519585317,3607.9288115088407,2766.2132094228396,1914.7331005349756,893.4305358214568,426.66334920853694,58.12760519664958,280.91450527742734,487.07706435598624,1190.601714886857,1938.3380853625347,2941.492179884622,3847.082963741374,4352.697265816299,2.1887550200803214
5027.005513210658,5270.25642693543,5102.390997290892,4452.395340121808,3972.8932014539364,3074.6931343579226,1971.6795006130103,1367.1392253199258,569.5057107066045,160.52747234711094,214.4795890097498,478.4664974042275,880.4823097775619,1620.6197698133055,2479.2064455666755,3409.0618011190504,4171.939582559681,4917.4857175036,5089.9469761777245,5059.543996445272,4733.5317847227925,3951.952761722927,3276.434218778117,2288.669829234442,1499.142861733703,806.350338676542,269.96187133582214,233.1548235660418,413.94141995569737,659.9818235133947,1503.7356940774212,2275.9950074610515,3245.954288481324,4001.861523189815,4759.239568802851,5130.749300970496,5037.577726300181,4979.871214010968,4309.783067284001,3543.8879489157293,2796.7147854759232,1795.64819354523,1046.064477833455,570.6365261403917,157.71877358910456,262.7924909607152,686.3307799867086,1075.9354120013218,2004.4052597164557,2987.1897521552423,3769.704540515021,4552.875996444026,5059.37069803931,5119.266336134671,4914.95142351737,4423.30345067847,3856.805813315004,3137.294648241237,2109.511446500118,1297.2550464981873,590.0933268000182,159.88151911006116,150.70532682485822,261.34390535064824,1034.5262001063045,1729.4870319991237,2634.222909926034,3434.0923586351123,4220.192474531162,4963.766074371924,2.208835341365462
4865.860083714375,5063.888272467922,4837.050678148712,4520.937049697534,3785.3171870885503,2901.6497951925653,2087.4616386431826,1152.444659933892,419.63630364073373,303.02181484280425,106.88771919824056,525.5230877408469,1030.5640506872187,1957.7579740547674,2779.496355299535,3751.7398997165765,4436.967331709994,5060.273368354111,5123.7413450122285,4992.440736741858,4523.217834535872,3935.1446446129144,3079.67367976826,2055.836879318064,1223.5535619230495,503.6862192135319,299.42040222748255,19.000676251497715,492.77233302531334,1090.860889960163,1866.271077865704,2594.468724484726,3634.2529896867154,4325.224806251487,4725.426927205402,5046.073832359232,5031.749931184136,4750.428850207664,4025.0490475353063,3161.061053819292,2386.466566559404,1499.8880367410163,755.1490919684219,229.19861513559206,33.828795528475915,435.81464827516004,692.503838226087,1556.8962298881897,2322.9593236789424,3321.766403747642,4167.219295661517,4816.630086682612,5132.237888127586,5136.1194225566305,4792.486495558676,4263.143431460209,3346.9261446350138,2344.0069875966647,1554.0159733948292,817.3665299604564,321.3331293188265,140.92137519580044,154.9553345441918,824.4196210229176,1258.4124356695206,2214.3477927464096,3137.0102667759006,4096.266092868175,4761.773519664715,5153.643571637988,2.2289156626506026
5111.722729509478,5018.8818074103265,4830.938856194243,4313.432545799347,3752.5777612376837,2796.914712123802,1728.083807381313,1086.1332062235367,339.28927149779594,288.4041993768808,263.10287512183385,574.7218824824449,1101.7499859433697,2083.287109309148,3057.3142679948146,3720.086625005451,4619.634260875661,5122.8516655152,5068.5406154412085,4810.746442213862,4297.258656389338,3763.8966493620055,2941.375930020757,1831.737191555586,941.1003616031776,427.8468511832021,190.7066572573658,350.3618366326374,508.59513962191454,1140.2504885445883,2089.892118770522,2945.0531203466608,3948.563161193901,4424.421079785885,4880.334026338269,5137.470224765535,4987.414201533384,4472.26371223649,3862.457536428051,2720.579689972567,1931.8862646363234,1021.1843163645448,649.4060991836054,186.89588833361415,176.77426847438304,439.1575239649373,1215.4537570869447,2065.3423040244447,2987.5306485553065,3753.9160189954478,4445.916464299837,4912.832503067658,5164.932768837608,4974.752248020344,4543.640587540914,3887.5774701279597,2834.9253991729383,2043.3486149103078,1030.3694138095561,608.517292150315,58.370357570444234,166.51593358750054,650.5736306694779,1248.9923738375699,1991.2883892772127,2730.1773537365298,3766.401139079189,4546.616089774827,4955.683614787411,5173.320208044172,2.248995983935743
5009.507955120646,5221.31310238225,4806.742858407335,4302.3757441970765,3486.0519198595944,2737.5214638677758,1784.5759896489885,1089.9391637134006,351.75349356273335,177.50872329342758,293.4543927518831,799.8413564363887,1409.016382335811,2310.77201573981,3072.953038673915,4055.384973739147,4785.43929855254,5183.329879587341,5077.628511253696,4923.359344593351,4287.548853737624,3326.714242629674,2679.9816787320096,1636.7387922193393,867.4778502752567,334.8967105202734,131.24463538265394,315.12849072623754,771.9923874944371,1461.1000846451414,2267.3480793292974,3365.089232733419,3980.3842105335802,4640.443261180066,5125.5296429989585,5016.684211552363,4733.258611533563,4143.350789471275,3494.326760968739,2550.8640782146404,1568.6717435678454,713.3824161217915,278.5485365444383,228.71435091445377,260.53782795710737,784.017966245988,1684.9705992585955,2401.738657051371,3449.7828800725297,4302.727771569896,4715.088910252826,5117.876355751009,4962.5637580101065,4617.578910773839,4226.066700895751,3323.1473993477257,2275.4949497654675,1394.7158257685378,797.7909475163711,328.031451907873,89.83478371273435,341.3392143947758,975.8457166177668,1640.740323500706,2415.5509352326067,3586.989727015756,4167.409303114895,4786.480591041972,5270.953872202203,5131.449170598594,2.2690763052208833
5206.863993239573,5214.9817139632105,4949.554256334627,4295.063636316475,3436.8345049809914,2514.3025398596906,1513.072050876285,749.3570151003642,425.82130775956523,105.3987125812107,220.0952899192332,646.0804874607653,1459.9030230623086,2478.972513222044,3429.4544377436887,4241.04581364498,4730.668165799257,5079.403470870315,5170.084838441977,4844.932195621505,4024.2418282142867,3208.996654558777,2447.462099388224,1290.945902611159,756.6064884444268,283.313044574572,131.69308037738247,484.967470844293,878.2917545802287,1623.942892255586,2647.414717574642,3409.1510573039154,4340.212586023519,4766.6503265882275,5088.071755070816,5144.7202491311,4743.810234747218,3752.3685118452677,3116.9335503893626,1966.7980846556304,1342.4383620825338,630.2950958836625,257.73582775896375,321.6541505208861,461.6826506088456,1236.281419891298,2082.2813150945035,2771.790603346489,3842.5078302032266,4517.776573722487,4985.1765778523295,5104.16060985434,5089.278856882146,4414.918329506369,3680.9446929731794,2740.9038294351453,1949.0040072776192,1095.4157879614042,571.8438521562132,35.5815896372031,169.6129445556566,671.6220885227607,1293.9407024158197,2204.0019508940495,3124.493751692429,3911.83884175439,4555.450683073329,5040.060932112685,5081.403197787078,4950.3294907500285,2.289156626506024
5213.920185990047,5188.256852937067,4813.015974061331,4292.961244841431,3369.1157036181967,2557.457173180067,1546.3245554318892,642.9993439402568,434.77098785947453,261.16995183184326,297.8234799482701,731.431771824553,1508.446979026288,2544.381825037547,3644.1430120779637,4349.84341025342,4917.82064599434,5138.364539132591,5117.430468776203,4545.610166562842,4022.5650564790762,2969.9405946821985,2031.2604119240605,1284.5594884005086,650.7811588493389,290.6884815836173,199.2708061174676,471.8749845030947,1075.3318438558838,1881.2696502736012,3036.1417982494495,3866.969939347489,4509.021266180561,5152.10264344626,5162.865711754457,4947.767736067888,4493.329269255858,3523.502614908125,2606.695131849169,1760.067134987364,798.765280110196,249.2777344129757,225.1947599256492,185.86730879657904,749.0935143893153,1558.1586224951245,2354.721511555045,3266.9104230811167,4117.759457307517,4683.809163604462,4968.122751696899,5188.158609611919,4670.387961132339,3992.4534381115877,3237.648611139355,2170.067142386946,1503.3359378006483,702.8997242721282,259.4429511427703,240.07894798493749,416.6038794704367,1141.8536359532677,1835.201375031169,2854.9228614344797,3589.085882975527,4531.499391568278,5014.350935150885,5024.031692118199,4869.4462301790745,4632.6570603149585,2.3092369477911645
4958.390613163934,5175.623118446146,4734.57082534324,4070.2674903970455,3169.643541575787,2295.2373055797107,1513.5038155589057,604.5810490229626,198.81359544176266,288.0881146043899,549.3500189743083,853.7207827907672,1811.3758113340841,2815.982502918566,3735.6671271120217,4457.3047185810965,4839.81809290627,5129.1622373364935,4983.972457454568,4510.478578628041,3708.5402214011556,2833.7228858456087,1968.478419812011,959.6111396623883,506.3692911843549,22.878267914548886,353.3505283214445,583.8509880962293,1385.7654841650533,2323.7431960670856,3394.814226937758,4086.429576447472,4641.170861183206,5178.55012998408,5211.2761847935235,4634.629242842109,4111.04257778172,3310.034196298362,2138.1747886728467,1259.0512716494882,610.428001692689,283.64156502786693,187.02206847540197,401.82394366716596,1022.1348803147843,2026.9094740386977,2900.887931686036,3707.3739521428324,4537.020512974387,5107.431340059136,5076.969572100043,4972.97897575456,4532.09817655866,3600.7201973026085,2805.5805809938493,1833.0195161326133,1058.6536508589172,297.0227206097219,160.36902264045446,351.36757955377783,813.4633595087129,1614.7245253703827,2317.532915243436,3244.2250250498864,4310.39431034045,4864.51465988059,5169.170520218162,4953.7574377457195,4765.674169639187,4135.022934907301,2.3293172690763053
5165.258200120206,5247.309586362932,4698.188612417727,3923.873293528902,3116.349177705025,2230.170265889934,1223.8701123998871,696.2394268188148,204.53779269148265,64.41573702525602,493.320677629114,1024.8659844982994,1940.634601870596,2796.3654643422997,3717.666911344275,4642.966922651954,4923.352332237779,5214.70409153929,4912.7699460903095,4339.139368683825,3556.0466585218587,2573.6682866935475,1696.239933462787,803.5084373533277,285.9798459427799,37.50805981494709,447.24506860666213,960.1524515293158,1583.4499078077592,2598.6445539193087,3409.2557951106683,4237.533040335606,5061.14114741019,5222.022448375014,4920.431228864951,4539.9869654221275,3836.7459756685867,2904.1622219437963,1783.3463458587096,1110.1385541369,511.9271918447986,109.8208228118957,244.91292773264925,715.15174398099,1283.0572505196767,2176.4053965992484,3199.7371093773427,4047.625826595059,4792.678982095733,5158.094778823981,5194.278747752939,4649.989546051784,3973.407468020681,3213.809063644848,2241.6825661385305,1433.3011808155477,556.0585674608162,249.1007310892706,229.2787396564877,419.69797295413093,1189.9366402677738,1918.658041126665,2917.4754966441074,3981.3155017262698,4636.902982550298,5148.921137314957,5178.938623148909,4896.3090121045725,4188.186107298199,3559.319666996226,2.3493975903614457
5263.717321245829,5043.119685146336,4553.9203074054885,4076.87416439601,2984.022161488185,2132.5400276840473,1229.287237164243,509.4303387969484,50.38472725680723,319.7852947993429,578.4519986259454,1225.4994478981178,2199.1247373925926,3048.0255609035667,3894.757167982514,4779.124793379136,4977.503912779783,5205.882433439216,4918.7681418705315,4167.985353187605,3129.2265270157945,2302.102726228896,1535.1120973277623,521.8934243829533,304.64968709459214,164.27834873135342,536.624901807661,1217.7065570128275,1846.8828398289797,2880.307945038056,3810.7112039562076,4478.735832846204,5111.782867407159,5213.69629695211,4839.298488763256,4187.271285192008,3286.122270524853,2501.58808883789,1614.8152076350864,684.698991779749,351.4260493447319,240.15459387257474,523.5288160214416,1021.9172388690006,1907.9564625848702,2876.7515506066625,3594.174885959257,4429.16223214142,4838.1761818097275,5060.95895711856,4922.461742569183,4412.5450093619065,3634.404716681578,2554.4914296716547,1662.1481973903526,1000.5358542714841,218.8253436898735,287.325200881362,204.32296553601702,912.2007631340146,1673.4484579366585,2677.454556105549,3578.8162788227146,4225.1241231642325,5059.669948689913,5156.509206669824,5154.437420452163,4637.2471965844325,3809.8808903535705,2710.8479852228184,2.3694779116465865
5106.580949095993,5007.133382392711,4709.69385360814,4053.745377020367,3037.632787931166,2045.0564657813852,1118.598308505949,402.1045516841254,222.8012370458795,124.35222578876447,561.4743242799204,1486.4757693022677,2130.627834307833,3190.531874496842,4177.529521873257,4741.799255266404,5202.4544413943795,5039.2395587846795,4702.415481093754,3817.9245666545385,3181.3787217192607,2028.5647387730492,1318.2321929997202,467.9169659235173,279.7598070063375,288.86430721498436,505.6245725067332,1262.1415344648094,2160.16486204062,3210.8764493322615,4140.927433512032,4641.085206653812,5246.380272345805,5012.232517850912,4566.287553554823,3906.6346052476615,3145.3811879237774,2123.63496299611,1108.8782755949808,645.3408756241174,46.6873422563986,200.8491603675613,561.4589927546824,1309.5677891738692,2324.9837090762167,3271.8671074884896,4095.3538200589105,4713.526561813419,5120.080467945234,4971.556191929578,4571.034062876723,4127.0912297787,3180.21984593365,2083.0966091133296,1170.5920660301695,530.1816969832273,323.02879180917364,55.97843453855731,441.5550044855684,1184.3339531249367,2208.872915031033,3082.3888091262065,3982.3479509711055,4703.384944619892,5165.0416887994625,5063.173961450259,4651.098048375053,4030.4860144054364,3309.7903247603126,2186.982025083568,2.389558232931727
5275.998180050243,4974.034997451164,4573.407262809567,3771.834690430544,2936.7513399109876,1840.9840887433736,1208.506058922727,419.30801113426156,158.99545931677946,244.9676978456531,641.8290537194913,1567.823637048818,2324.064990401357,3265.430291465249,4346.945415217364,5003.641567336179,5281.062892467528,5157.192093084508,4487.858893909255,3788.1575553019507,2753.7296477782234,1872.6652611259128,958.0769181663867,312.1860135631904,177.4385507685549,325.13726741852224,933.0993821267211,1501.1518293260497,2583.4360717003055,3453.6478769746354,4244.102185823627,5053.627867914494,5075.8077690070495,4895.082008427318,4399.261984556111,3694.5722359426704,2735.2594938170373,1882.305513356573,1030.7117275671274,403.8853765394472,154.3035285676294,220.13324253322878,971.6937114170267,1575.1958735753615,2600.842900720084,3438.8500027857167,4533.779171977846,5048.683802167571,5230.137514148289,4984.356142443203,4491.331818835304,3633.9384616413554,2706.806725965153,1579.0528446354097,762.8698857746634,205.6114187878439,13.790679969183994,358.9647788108275,817.8244136592828,1612.4093667458876,2837.346141835391,3717.4294588268317,4353.469563338078,4927.29444882423,5224.783352444581,4860.72133420763,4371.327310120884,3655.5676189263954,2546.5727417405587,1712.3294744465893,2.4096385542168672
5219.305447250567,5164.702579867343,4440.813638249431,3793.2925512483453,2781.2771592551376,1922.581384648833,1126.1160340008014,309.9934797594928,127.84415901588109,351.4443707083309,861.2593514789297,1779.9044254946712,2454.6539131861377,3716.0085870505523,4508.230355192489,5047.356239969869,5100.099315624655,4840.598724410805,4373.945100360599,3687.0120858199984,2571.5083578483473,1514.0403829324641,892.2830175974398,202.70487762421251,187.73625794463283,376.5226459522323,899.7638233781612,1733.3629609345257,2956.120399833286,3819.1360792058676,4616.551276604812,5132.806597964833,5037.068591324197,4923.213900866066,4331.002584716563,3264.7865019052574,2295.487018404426,1469.3783158718638,657.5609526941157,144.12564761338336,79.30497258611905,559.1874758502848,1087.575316256947,2053.339280421881,3081.2010807277716,4048.3501808626575,4709.775298864156,4962.277136545464,5232.3692674330205,4770.5899511280495,4144.965220674571,3165.247442168934,2253.324926761494,1242.5505105406223,686.221768138977,290.8556620058074,243.44070044669567,493.92688903775246,1190.8683847112093,2311.970346437114,3339.147608035563,4291.70710212969,4852.123652232827,5247.131870789362,5084.927157779451,4500.5992807360235,3724.6493051120433,2939.4116007620864,2015.35960195737,1093.297289051334,2.429718875502008
5144.0011053066455,5108.681222907657,4403.574513934906,3575.7957316922916,2606.920740544906,1710.2587704402383,964.7350080548533,391.70054184044477,60.45426190307381,473.2679847629285,890.9091974104745,1752.5702674273978,2764.153680718631,3763.2725652323074,4541.598801923682,5146.165960694847,5146.403571724666,4999.299169582553,4315.600755770684,3230.7527653833117,2270.9485954144407,1557.0875495467064,519.141416091568,270.3958528052208,38.64218131379126,638.1121512769607,1066.8795669170106,2124.105021263292,3070.0591418585823,3947.4388565130425,4601.485509226027,5090.850566738819,5090.531013897136,4827.158935870175,4101.482593177791,3034.875648885441,2025.5152989896212,1010.3718730688202,506.9540321538037,286.0469532847186,263.92316653059487,774.2760046090202,1460.8382674151635,2530.8043374857384,3460.7945030226383,4371.638925625687,4786.432778197015,5169.709668911413,4903.1259358291945,4383.048520837896,3579.3751573519694,2568.483056970635,1753.9034251283665,837.2577116201556,203.65888830654194,81.4591038921437,301.0148910354582,1076.5014486888676,1896.8042478342204,2955.629591434848,3743.5527417145904,4663.148217745813,4951.021316501849,5209.184171268017,4712.741481012246,4120.229106248244,3346.0646372549177,2363.4407572462796,1459.2370077022172,520.1243988810177,2.4497991967871484
5038.166302958014,4949.270334401901,4344.750818896187,3583.155896150154,2566.6103611659337,1658.246669181445,898.8966039248991,187.19169318797216,125.86010154040893,378.1726469287161,1115.9474122025172,1945.457801423243,2972.1166162379345,3729.1555985079426,4485.358846250331,5134.232172675896,5132.831725027311,4878.168236050158,4086.716231484561,3237.8036000302714,2270.4694163822737,1135.9137262382185,481.15636725063746,129.27122422823578,295.24828874380125,803.8537505625435,1484.0329286371289,2380.0609478188408,3534.931749971462,4264.029671872126,4811.805115366243,5214.599028213031,4992.809953901198,4375.693208263424,3779.458644209664,2699.7183157019294,1665.6219082905918,730.9493683177001,202.37416072341887,191.7110058594216,319.66260799453863,887.2533357890159,1809.8956902060243,2946.8281169989277,3891.5272409976455,4503.125271285257,5014.49007932857,5179.953852282788,4692.125245401499,4049.5455086368256,3246.4055913757643,2109.8923318907773,1273.022344412382,620.0447769568393,296.6161107684419,79.27903213866087,596.7425899354739,1439.793829707172,2366.156997350885,3333.5820065634443,4202.135744136649,4766.109927951541,5083.809723672231,4959.2506844770905,4632.815453394948,3706.5329891150677,2743.712028874193,1690.0342054398614,834.5634457282781,285.38725328345504,2.4698795180722892
5236.811640605726,4947.211420752369,4348.273950366615,3610.080565139623,2627.7372851649316,1648.3691801556392,648.0608077852653,279.8108303801394,260.5046909959038,558.7704688191753,1288.6004846750398,2176.1021345871413,3124.568206967329,3910.7749689181765,4838.650077733497,5150.742373336695,5025.1105451320755,4544.891180018126,3991.9911305498385,2785.442192877891,1854.6399568815134,1153.0266238330646,494.46132084841577,7.682484355434745,243.34965836509943,856.1911840256737,1791.546845116525,2553.6570676532115,3580.5647774654826,4355.871720107755,5083.096662931935,5039.599515110164,5015.202884636311,4215.291776846846,3184.198824045146,2370.2334626714746,1357.1363044593002,616.596586368678,251.05478020660874,115.82689041194058,552.4704415788896,1242.1913109947309,2391.9979656558885,3390.747944348011,4334.18377467823,4966.063970098024,5038.497441064353,5094.190552421541,4618.549555881062,3833.866989732273,2711.320208345034,1816.4299616757478,738.9764733735936,363.55293898808793,144.85173289671758,465.52099126283844,1117.5211483966161,1850.157458757275,2772.3579824817157,3813.3136791871248,4718.759464440008,5077.4488776557155,5233.5616231562335,4704.128586387339,4054.4207985749335,3109.6159444779796,2069.6231646747888,1036.8210065243918,458.11707574822947,23.275577321727546,2.4899598393574296
5209.296530422207,4884.726013433615,4280.240263575335,3587.152832944107,2293.162764457134,1574.698271304574,783.6421803334509,267.6800738497776,254.59313800767586,634.8405165668858,1246.7219551040848,2312.909248795262,3286.132738152672,4045.051514275735,4882.50808674389,5221.122226156562,5173.948117803457,4643.974586765849,3668.8405650626432,2602.1273363680407,1654.4866840794793,967.3481018438829,441.4932734401555,10.803128324380102,312.0350592245178,1114.82012902175,1964.5064003372904,3049.393483812507,3896.6369830151207,4758.60854868406,4992.988496352151,5090.356252634233,4752.7899464094735,3832.6891980179826,3043.7876648264396,1985.4576121252649,1196.527497887722,496.8843341844766,39.7779660136277,278.2631541497466,927.9273918105716,1668.0365925499234,2742.961632490838,3829.668152082375,4438.658511925342,5064.4591677540775,5165.483119182561,4825.835945547019,4316.137116402919,3143.472136942678,2162.5657330018917,1350.6326370900822,446.62269005518976,67.89347826437258,337.07793729510786,584.7011575824517,1373.436942894903,2447.7288812475913,3341.164971606009,4340.197145581546,5058.428679632602,5139.5093529804735,4891.126719796511,4408.956410740323,3444.097888797885,2645.6261477181947,1553.9086981621035,747.0252554662047,232.2730225758109,284.76183577363105,2.5100401606425704
5273.847173293241,4953.097626213936,4310.3200670363985,3324.4295645744432,2315.8468952694575,1396.3001386782369,702.6669904037362,235.89045719243688,256.6073730101631,594.1948397399034,1436.197688085197,2305.784649164622,3311.33909060345,4438.285565807324,4805.664259556005,5062.327148725015,5098.112331261282,4383.911986473437,3502.9182200798446,2449.1926429701193,1479.7076967789,693.3491079110746,340.7248116818792,108.87652041786794,557.2203185025467,1159.128430553886,2183.2112223397635,3133.941683659779,4114.246888896801,4845.567415674996,4994.13057620851,5011.902407476045,4638.883724134277,3515.2896598931643,2770.055609938864,1525.928810614994,800.8326025886003,384.34559441586555,278.55927605606723,373.0852458660291,1116.3106643563353,2209.1128978373695,3181.797650168887,4071.918117334078,4899.693874072738,5137.6066176584945,5128.419736263992,4612.644730973536,3796.872448517258,2804.2560185866296,1656.392571299222,1041.5606879776244,431.4173638825167,100.67084786072034,394.93123324694227,1041.4233573561755,1904.6532860230348,2846.466986879496,3827.504633395857,4674.0702876147,5073.601375620633,5195.474579106041,4826.067876548439,3948.798789634885,2852.121803799984,2055.7294997460604,1164.1626707576806,487.376527304033,125.95146682032747,449.4288901604469,2.5301204819277108
5130.254574972065,4806.079412035189,4243.8052392990685,3192.0555586779456,2138.5663209452664,1264.650357243386,478.4937473231025,77.79747255550372,108.31275692208263,653.4468548233518,1618.0168957742003,2479.7010638786255,3455.670708326566,4421.787175753957,5032.53436871041,5163.40371962675,4933.283778608272,4129.38552887617,3298.3980036906933,2386.618408433079,1322.1880445092108,598.7250076125757,244.40833860340896,135.54797060782016,788.6705379121594,1593.0504887185753,2505.2298014849207,3473.1209369165113,4360.546466858576,4915.565098595099,5065.753237845642,5020.619973573568,4320.196069195053,3428.8216453335804,2189.498318526976,1355.502713114725,561.3136944469193,192.54825002754762,232.03371339803522,561.0479213533923,1340.7362488311571,2462.671229705018,3420.8649605529704,4268.492185793702,4911.042715177087,5150.35529815823,4839.725651445181,4354.76306708714,3329.6637107695433,2383.997006395524,1287.6110323116175,709.6151710694564,61.27207399292761,296.037914299883,678.1092201948857,1339.3684562466062,2453.9169327050704,3425.84398494742,4328.119574083718,4812.138963950216,5075.635204209495,4936.015327555854,4208.491378363156,3487.989367050101,2270.3485822677603,1474.9272491876152,747.2629792967862,306.5679115412527,97.13106098706284,623.8665592415623,2.5502008032128516
5218.4671431830575,4792.737041784868,4252.226096292803,3194.6529774946525,2038.7514084688485,1165.4764049553378,341.4407162060465,69.62890995145433,182.70566275422482,880.6617659523308,1618.4369646139733,2758.8984620016386,3729.7205389644605,4390.629634428663,5099.719980761796,5261.044921818846,4715.887800208156,4030.6137016346725,3182.6491906765523,2084.672357032835,1022.1338225799444,504.7180738831969,23.889611291250528,218.0737373117527,774.9474078972181,1730.680822808086,2880.7587032541337,3837.3352055016385,4636.641187885888,4995.048013524194,5147.376234551873,4648.639917859609,3980.8316470656086,3013.5067927169634,1877.9866188204069,1071.8077954316484,529.3345942890608,159.60935557444168,337.7690817671379,855.9798931803463,1924.3415036201652,2944.037558510472,3813.913767352834,4731.548913714412,5099.746897983451,5178.093538802442,4571.759800005439,3962.796147177612,2935.8701977694814,1792.7162981275778,1041.1020017686135,410.7583467554987,90.9006054784735,354.5619288136368,856.4243126789862,2015.3825822093174,2817.9442485003788,4026.063679096065,4552.088769816382,4963.439685728635,5205.083840380784,4598.120008880105,3755.9149431811043,2713.164370441646,1853.7209236248443,1051.667405284984,288.29147919431034,283.03799160118336,518.8358527792026,1105.6509998782324,2.570281124497992
5068.055227423892,4879.5945180516055,4174.679174790673,3150.8672194633477,1981.3090764392434,1204.3268775506758,561.2422222969926,27.18381230614002,260.53177117534347,837.5191387849189,1762.072041722653,2937.4283321383946,3942.048336547064,4596.596552883679,5040.853269480427,4978.156470402038,4738.2629519493175,3977.778533480876,3005.9655292408343,1946.2659576718404,1049.1568578658719,301.7956590695446,67.7176669961094,292.54559843133165,1163.3892890403602,1974.320337207118,3098.6373055102154,3889.355590182514,4646.720670851855,5199.686194448479,5183.7248758644255,4651.986807371459,3639.3722531275184,2607.685455480143,1607.9183902952275,862.5847473011206,298.32352984783813,314.4436369760459,645.974417582227,1304.3306722877928,2186.0839858172853,3111.327576701915,4272.599532843748,4819.49052302702,5155.284774721486,5011.122884249047,4493.031126223819,3626.933662407516,2320.6912950427613,1423.5755199334199,601.8334352355625,357.28641543989824,61.30380337977482,535.4339924380392,1517.6990888583023,2509.70486842713,3515.4405966465483,4405.064521774923,4999.411461712677,5031.700822571753,4894.920108724433,4284.227047745328,3181.2802551593527,2338.129086210333,1370.3347500940858,577.4576797880895,192.66308885325924,198.57112479410176,667.9451193772782,1563.1652317634841,2.5903614457831323
5197.744613843013,4772.260982530276,4146.225633491141,2919.6965480307235,1870.3516363357992,1123.804279022641,273.42149023710823,175.6145908115766,324.1237099353579,896.2528889419887,1919.0304850280818,2932.535673729907,3943.3162905390923,4599.172082624413,5140.864745973909,5192.794602848499,4487.917945924375,3651.5066600319574,2797.310979292615,1502.9902816328088,765.7291229959608,358.59204450364587,262.08724832252705,672.8996167452995,1362.0023561208923,2345.94500239325,3340.9204614509968,4218.168631158501,4979.470549702055,5223.612935578413,4921.079095085893,4455.116869967112,3452.097067084029,2323.822200603059,1325.259626603144,515.331386307514,145.67996016874662,152.38645612668807,837.9356286682222,1682.102803182102,2629.1669438022955,3668.677693520659,4613.88966379025,5050.48369814281,5089.05235621539,4924.46373288073,3983.265161319452,3053.1285827618926,2093.6344393811623,979.7854158564203,505.14255190823036,28.51398022823842,469.135835192356,969.2006066353729,1967.1305023355694,2988.4752032474007,3824.679146276939,4845.051062542058,5143.978161211078,5140.090707853794,4654.576626557928,3846.396530400592,2766.853532160378,1820.2465370594193,748.6914643950922,273.72864151816646,47.525392267198335,598.24108125562,1349.7675653237825,2224.803265231556,2.610441767068273
5041.50898611095,4616.149615327948,3921.0308426117404,3031.8883008817756,1898.2984635974813,1027.5847214894948,277.39991123801695,155.1552375973665,322.48850296901816,1015.0669183819126,2049.480512347094,3030.7169171852784,4057.417165830954,4805.830825788143,5091.869975905465,5144.026892282821,4401.92232421923,3382.867062758622,2424.6029078125885,1374.659073905419,780.9727557408341,95.162342653123,184.5542062387629,625.8124762007693,1590.5998996125168,2511.8167962523926,3562.823212188052,4312.265677215744,4991.862688486686,5251.026152951674,4824.367974345339,4041.0845600179528,3029.368557890822,1883.0291623888288,999.9159963489967,399.53742504515253,255.0915417422264,215.393353746284,834.6121110752366,1974.419426200992,2840.9218646565996,3927.6285866255466,4706.523386600314,5095.172046829369,4969.354096668087,4452.474949304716,3797.2948648312386,2758.991233565973,1567.7382226078262,847.200065722599,99.6397770449615,198.38680383675347,498.0072804204965,1240.0531983519147,2282.085533693943,3296.6009724098444,4222.082065545917,4919.181321440864,5139.564172240191,4773.0292350210375,4349.7774109281945,3141.2052021119475,2177.293282404646,1309.755173242203,439.3980246496774,169.5371198535663,203.53043743313142,958.3569443421428,1679.362835424415,2932.2110580047693,2.6305220883534135
5013.473568163125,4684.187955126838,3780.8924672056737,2933.230914363417,1886.638424349534,954.0119775974936,207.71370349525267,256.75033204318004,558.6419029367099,1204.8389339960147,2305.718354134631,3427.280730467768,4093.755373781485,5025.93803052128,5244.966758466335,4964.948167763827,4347.013441001592,3195.585393047791,2336.5238238489565,1176.3120268140922,467.5568412727117,190.56050473003862,391.86467871330535,759.3193852459493,1839.2853904132135,2717.0743788125715,3693.4926365178217,4660.059460895425,4970.533817312806,5175.823116089143,4508.807585861422,3887.100104459718,2790.887848139616,1610.7582015208816,725.7212205042258,239.16528032349365,233.38066548853394,522.1642935818448,1188.5270670382781,2151.9027452862024,3443.2616001241704,4204.074253576859,4957.143402207933,5216.410210413627,5021.558927176419,4307.419625223672,3273.571799278412,2196.6177725110056,1235.3257340160228,421.3124287950301,166.5133608018924,428.7696698865991,857.361370900678,1653.7641603991444,2974.9626820065105,3885.786639688623,4591.8236868765325,5257.873892722684,5000.105157562023,4559.784191666841,3580.9795422075317,2701.6794231227504,1698.269689263214,656.2717089930226,98.34010773088286,316.9824681299837,535.4835028700904,1362.1847127271767,2517.522051294911,3437.7853767718225,2.6506024096385543
5045.438293170944,4584.14123734775,3921.197685002803,2707.3538450305737,1639.0281320502913,791.7391514340567,193.1981250746182,121.48353763826981,647.9058012701516,1423.5082107372161,2449.5058355567026,3367.9789950021113,4242.39972576445,4852.233943199147,5035.988241148627,4705.215927882497,4023.946202136722,3010.8961228491694,2202.354611309179,1017.2638769601837,383.4113732579724,224.28860727070247,371.1018155685846,964.7531739989265,1894.139731943534,2959.166504633178,3932.9998855236026,4801.085371699144,5068.549454637439,5145.91270775449,4464.033356740365,3380.792101363845,2426.6189515979663,1497.7607949124076,646.65206944696,78.15013999574458,228.1577286362017,846.87163906529,1461.6683913240452,2799.2218586163062,3740.6310814927274,4443.323149612548,5220.4716885752005,4969.827876924617,4820.650944514975,3742.103628865462,2683.8930547919626,1696.2599089990958,741.2051319241207,294.43434279517015,277.69696996304225,395.36205801732234,1271.693988508673,2215.241187904478,3230.756408520779,4369.242289728205,4959.760236820157,5221.435732196529,4913.47987662284,4325.319532152169,3282.32367169211,2215.546664603161,1204.2938296480784,342.9143627585445,70.79294662318622,356.8429829756192,1043.0488557952883,1855.823304416952,3019.465489883667,4037.56432356688,2.6706827309236947
5207.496484777911,4735.832254864246,3692.3630042996297,2767.5904322816386,1530.255837119776,736.2555598165978,351.0810546378188,53.20224997887932,493.2702082270938,1554.385412687247,2390.1796572297626,3537.9394289743504,4477.416937978526,5162.594621168167,5176.390465113786,4871.3369784017805,4001.6784951831764,3090.498214236589,1771.74691820588,1051.554422178782,303.4538804392476,246.15021500433164,454.68954697253855,1355.209953519405,2095.959108887327,3341.6131954373413,4254.1521006981675,5040.775570390822,5187.536558431286,4795.606133384871,4065.378105746378,3208.7820698781074,2198.337354219533,1023.120436624213,524.2479060724404,252.37552498882306,244.72365191708897,868.1119965969573,1949.846580161304,3093.4636391277795,4179.74124821345,4873.206948526858,5176.533736616231,4870.756749296078,4388.235166001621,3434.5839390465158,2322.199813854192,1465.002084482092,460.4049718756843,166.49568530823876,242.9389387623604,736.665300180889,1712.4072490664512,2797.775920146268,3788.808299789345,4634.991406528196,5063.036241090694,4984.9318464216085,4516.55137286631,3651.5294362270934,2777.8285693736952,1542.0923883916273,624.3325259142027,373.28392797088793,61.90309379379134,719.1330819989594,1373.017775191154,2427.36973676269,3630.499966089748,4372.410533166955,2.6907630522088355
5094.956339492354,4617.16401303247,3732.5856770066325,2589.594508419112,1425.7921530403057,550.5046126502422,186.06906598967217,314.8493265335188,622.6994009524694,1554.9466304353173,2682.8162700424587,3628.3700427520516,4586.192013725861,5017.696934801705,5064.556870437131,4603.351355750971,3732.761818216627,2675.906591555598,1695.6902218747146,635.0515673539517,98.22897941421357,334.1316973160871,477.1782822930352,1383.061176695901,2434.9931112014633,3526.9956923290024,4605.560254736116,5133.179279201944,5070.445028605049,4613.765271587795,3833.388148271952,2959.8564936742405,1908.7442071766882,815.9865810756294,344.38615038722253,230.39727450443667,478.7571569133323,1439.6441827478318,2332.6867455827937,3317.845162256419,4499.416052647448,4928.77921352228,5097.493409178224,4860.380478839453,4135.685826727016,2975.4098656478163,1863.430896002551,1037.5297649417341,482.5500063214233,10.334438126328342,342.43109913731536,1133.7264740594908,2280.6006461606185,3346.3110022228825,4112.786217476341,5009.660840467003,5229.564381388038,4777.703899782809,4142.3786930054375,3190.1101332362123,2050.593539567448,1202.0489459351509,308.25491558906873,27.044261302017414,325.92973010885635,1077.2521827422186,1910.8255564310384,3139.576224350678,4245.476928882432,4882.9408100612045,2.710843373493976
4954.697207513169,4400.352680079741,3600.96260027319,2502.628327798943,1485.065062141447,569.0313440049644,63.46171951132152,328.8447966653911,844.2339003656211,1748.8933918048592,2920.6337610763712,3757.2201159775313,4742.207914318393,5156.73262627939,5132.167220129155,4480.686237373591,3593.371089084571,2500.4245237323403,1611.8858108368813,549.317900866087,325.74704713578006,134.34178838122068,766.6076404719432,1626.995088563323,2732.6373485850827,3835.186235550331,4629.113855324442,4964.085185038781,5091.478878839936,4483.184673835757,3600.234589193258,2694.747075810477,1640.9941287100928,658.3908361982564,90.71921531604421,290.0376993813193,755.439759356222,1522.0135167140586,2701.843641611212,3798.2983695612193,4677.624542369477,5023.872008630841,5162.819933985824,4579.2057204381,3850.303591598572,2734.3093842182384,1608.2806485737499,777.0101202417029,265.85347415872457,83.39120554938586,634.4362680798231,1658.7588323700213,2613.1372550806764,3853.8911236176423,4629.802177981684,5217.647632616015,5187.419069828739,4586.523204524384,3668.681879853403,2579.2659688923122,1675.1511967387455,607.9176190431424,66.94782918229704,263.6964971278445,745.1907224168045,1502.3500230028965,2614.1861703941795,3675.737680481424,4619.0087941106585,4998.826404377588,2.7309236947791167
4928.739568092403,4425.109111030372,3434.7553335521106,2419.8198811867483,1376.2495557938907,404.72120534006285,48.74002993654695,425.90279174792147,911.1749557017255,1818.2689299397325,2970.8956358476357,3996.7843035979226,4831.269107163232,4999.374702925677,4939.258875099514,4509.380123667396,3320.820325702466,2227.73082683391,1422.6859242658725,455.2167144857482,163.40861722873674,334.7076380286459,918.8303118086791,2002.7145410340877,2930.6445275335077,4169.794089480554,4947.6147870434725,5077.595282748269,5085.1548383445,4197.138856148651,3264.029087132352,2291.815373034711,1231.1785172733753,359.6866265361199,146.38833708349483,352.04723191743153,991.2456155982927,1989.5272184573546,3145.665697676804,4000.6806394606956,4795.737662277027,5063.395087105097,4876.468102529042,4177.102449828137,3430.4832657518027,2271.6794264212003,1167.1587011770605,533.3732050013117,246.28456282098324,286.22522038873956,959.8781161403239,2115.3475572578823,3021.8376288947666,4315.8719080044075,4892.8708520298715,5020.8252276116655,4951.069374932575,4088.3599967415953,3112.2878636977925,2132.1742797834027,1015.8067118682662,320.40894724666185,137.81366729923482,295.95635055738705,1188.936715779601,2090.489596152404,3321.2924785773603,4093.440871070444,4928.704446921926,5127.054451473123,2.751004016064257
5094.633773768477,4408.808766883808,3408.5070821374406,2179.1563114629403,1236.1717659125402,491.11734962742116,282.4443001957658,215.86694060200784,987.9060224303337,2022.4117061395316,3077.6024114249885,4173.962821088027,4909.941996375108,5241.4549192765435,4989.434906379134,4320.855039896896,3138.0584621383814,2039.6202332991415,1071.2267021936423,269.40096347766405,299.30531979008185,440.30321809201894,1231.7689930859008,2000.3572593571,3340.486819520262,4358.833677134149,5041.474714525437,5134.911927712689,4813.307608844022,4084.19174693239,3180.3216033335634,1986.903576579439,865.4256086331068,346.8801568907228,122.24016027548232,377.4573963566472,1173.8221368858008,2336.500345370736,3426.903708202672,4270.178938620436,5018.44784026938,5187.077710447419,4723.677566722798,3938.483003294371,2902.6673039431753,1852.2581410775567,730.4337261020447,391.60842068417503,56.71847513530912,543.0800193068613,1365.3969638620613,2587.5575509318664,3497.976167447223,4621.725773117206,5025.340384917442,4958.150490703988,4748.1080726985565,3827.0948024473864,2643.9182261250476,1651.016998618995,797.886107826525,121.46162428446192,186.78993924663123,823.3626566743579,1492.0309695274386,2788.6973981436886,3807.688474341575,4618.143179084011,5096.883549823295,5075.294485295987,2.7710843373493974
4917.765968075757,4205.083745318782,3336.0093910885803,2362.2084124391076,1315.7525837472804,424.6721046046351,50.86531275621592,274.23008196044464,1208.3110833909095,1958.1985336976152,3291.5667263024043,4216.500698083576,4952.607560592457,5284.811824539224,4907.176343316504,4064.4003905137524,3060.077564757047,1827.9640592179464,1032.5466075737488,434.8466463464723,107.38099730914783,566.9076199861036,1190.322242977413,2527.8676625452217,3620.544526114048,4316.540046197377,5161.179941130214,5269.243315491406,4790.51755601935,3758.882440684542,2622.234156668627,1575.5546505364443,638.4367983265557,134.50555332560214,116.84869711261207,718.1642633710424,1453.6394910799065,2563.3848967037115,3701.5771376381244,4753.282509945605,5160.969121078929,5079.296876992636,4565.734611501678,3452.9394598011972,2381.606997734968,1271.258948932756,670.6397910036062,113.92216604193477,371.83114593220625,893.4624734182465,1813.1806983811348,2856.3517359182447,3987.6458864446818,4754.050741433882,5260.396812727473,4876.42354740904,4391.186610379773,3249.9987770729617,2268.965611589894,1240.3258907299153,510.7501329789031,204.2841730072147,448.05108070766016,994.2455237386471,2253.0804635508402,3420.2551949366066,4282.080315286224,4950.929353657841,5007.658773668142,4686.111996471616,2.791164658634538
4906.7985298700905,4232.454917798822,3247.6377159181993,2230.940471475466,1204.2336781314077,411.2933181248285,73.31990570279604,499.21357871022605,1201.9620783153887,2144.0047222684375,3439.6420417886857,4274.725789019321,5111.092611483573,5282.593095229429,4697.667042783006,3914.466054405391,2830.3214637495885,1872.7216230014114,882.4700565151503,297.072936709309,158.14651696131523,788.0149009323986,1491.90274263312,2776.842762918775,3620.794271312003,4593.381445286243,4963.474157029678,4946.172578338022,4665.467418807001,3563.618404850142,2410.9488886777613,1276.1903037241823,438.4141587614733,73.65770835135697,441.42372958353656,885.0543503070929,1833.1308654200163,3015.502803918416,3991.4033456514626,5002.475427128045,5031.915681415709,4904.43390292511,4187.584942887295,3049.6451074435276,2035.4839445698344,1047.6137808992746,350.62460319820894,192.71397003083783,553.954285655148,1142.2207817543392,2360.423291296771,3384.0433957354194,4327.912683188666,4912.351281517443,5033.206829735756,4720.8208855947205,3972.4931217175917,2640.753355451855,1761.960293760892,586.3937996730501,341.41189369117944,245.86601284395238,764.4726113529974,1509.6676110018707,2825.509485565583,3862.848666956878,4701.822073140576,5057.566091480537,5172.760911577858,4382.607319212249,2.8112449799196786
4833.762534971844,4361.7684278021125,3192.6334977409383,2173.8054632265416,995.706671146739,217.02947093820902,189.82432757735546,386.76395549972256,1166.6145368176358,2208.178694539058,3600.9553217839984,4357.029052643353,5145.809276419633,5127.48124658724,4566.561773225754,3828.030689274464,2590.064058675827,1432.2131585884417,746.5637471266313,266.72929456164843,390.43335379469556,711.038245516502,1715.4301387263074,3010.1911019084446,4115.910730101379,4687.49985211121,5162.267259152597,4847.006896620945,4333.167936760319,3257.073783723469,2051.472978554023,1069.6381967504478,531.6346480737598,178.948955507534,571.2076028296142,1264.0110926546308,2401.93173368634,3497.6460054551517,4333.853572615453,4883.819321308692,5220.353786969824,4865.674597808916,3910.01583172353,2635.731104831066,1532.361839738336,671.9461960680828,326.8779553047328,156.32494810048814,703.3346575045114,1755.3475457973263,2649.303733923708,3939.4901186753614,4638.069440258555,5048.238011866002,5127.846653498825,4459.008530231072,3527.1768753612614,2260.5277658360933,1179.9920425748587,463.22951843040187,60.83423628919526,344.4335889201759,980.4088655795817,2252.5200020300827,3327.839125002027,4395.430111878057,4943.088529915358,5192.1828718645875,4910.037641661892,3876.648788960052,2.8313253012048194
4905.832816619011,4133.935386191014,3010.6573491927043,1828.847042044827,1016.2158551982506,239.9294252896638,281.5311729952166,438.9828754015274,1451.5839428517293,2423.157327262361,3631.263693947261,4589.892078892452,5092.113096863467,5163.785881117551,4541.429993601582,3479.7432313498034,2465.415551060647,1371.9581530909823,546.6255983501227,129.30959174468265,354.35350447185965,865.3062466029902,1841.8637432397018,3093.9933288646166,4156.037382029557,4768.336027271867,5011.762497980254,4854.567264422051,4007.4181684840123,3011.3657290511255,1922.5511895326526,730.771223734668,190.4667647913162,125.47773298649341,689.8880085725834,1599.9127331964264,2474.235026368159,3782.8092649075584,4637.815549577549,5072.148585373581,5053.77936838248,4612.7125906798165,3565.1648168537754,2260.5171613442967,1144.0678759343791,606.3603833362537,292.6033179516814,406.61116518305766,1047.0206615683564,2071.591658491278,3330.0834004559283,4165.875654240612,5025.462258371115,5185.382228741239,4687.2093391194685,3923.8391157589826,2917.0848249943,1673.9461892886002,806.3080746951729,210.3951558716402,111.13014692151486,625.0590387603451,1476.8249285825564,2657.9776504876545,3739.5334002703935,4638.268176174759,4997.656661162744,4859.3761153590185,4390.01116421724,3431.183850505756,2.8514056224899598
4753.588484065154,4128.298353831393,3109.168815085556,1896.7277477352386,832.2161613374014,328.0117139131253,299.5167809342096,692.4128384063868,1578.885961244137,2514.180718499456,3819.9872001150766,4583.702916546717,5209.929605042036,4891.785825579803,4513.269702413951,3573.860125130394,2424.771280311899,1157.8325703565763,535.7553106282992,136.0129707053731,459.6662076891198,1274.1460844753722,2088.508542255615,3255.3498554982393,4466.320219403042,5079.0309786509815,4984.954990748242,4774.896076906427,3688.240710329965,2559.27640173991,1582.6442200621161,685.1713047592089,222.3535252692834,296.52509155547796,978.6213565087346,1873.0188193483837,3103.6551949008444,3974.625369671314,4869.118732028783,5297.179682410771,4851.678736855319,4280.482772147741,3200.783972914597,1826.833043855647,963.1642884459158,337.8973046755326,261.47279466868116,637.4772695365978,1502.8479998012178,2712.2702219671237,3669.6713898989065,4742.851780916805,5058.663554311455,4999.219328457501,4353.353487113396,3522.8384446975942,2236.8679074627908,1155.9559183755273,324.23569774098934,30.79194431545388,422.07815419699455,1185.7196295695323,2092.6925607509656,3473.8477524078257,4380.32273593579,4958.48213955299,5054.9732962089865,4669.505557093084,3972.7756334833293,2740.184657624146,2.8714859437751006
4818.750108809358,3923.7927609324506,3113.1406042546087,1787.8319559252052,703.0276766976441,153.16941542379814,331.82729863078737,766.713326365494,1479.8912529996342,2620.6569068663966,3892.499811587441,4616.267679876688,5046.242518957853,4903.912054588894,4340.383901885733,3139.7709539113357,2156.407884864772,934.6726314029058,265.7337783454217,122.06073934264197,453.097953866944,1467.1542390540008,2500.852928645543,3661.524455629452,4534.507574067096,5146.730992487048,5135.20958715881,4584.330060486288,3427.1688893616665,2475.2682180035195,1231.817578012424,336.16444576148814,223.02826908444706,426.9637018892613,1030.490152709424,2222.0781588830787,3330.0332849479173,4333.15465036212,5139.67134214364,4998.543015000249,4789.5999983230195,3847.6871569188697,2592.443986859073,1681.228666704831,588.0467679068059,99.63794500337974,141.65023121839317,877.0316069866768,1939.2011023952055,3059.8966912383685,4061.0639444980293,4766.698538248091,5194.067472569475,4838.396106283503,4155.847929284781,3112.5917865200713,1713.3282735236355,991.0876440187085,210.09803637479592,130.74389782996806,770.9524625581411,1501.076728682836,2596.312330713473,4007.887346308055,4867.093475005918,5232.31686657323,5118.260123139675,4270.459220554218,3456.0390989173475,2058.3213070944507,2.891566265060241
4925.553657996211,3963.218346458266,2939.345778350126,1745.6243097917181,784.3025562491694,239.3529291717527,282.8456752879633,718.0128294053061,1787.5735086413138,2867.3260274552354,3961.9942490738977,4784.873160026892,5222.2409817916305,4840.8692903163965,4088.7097508940246,3136.4117157388664,1791.8255938012182,758.7043204560805,392.46347095150253,209.77749015794848,530.6213532680379,1649.7134780645629,2839.129366235838,3901.988377915935,4591.689009839731,4988.936517849177,4989.072955717525,4331.825543875723,3309.0618236774662,2235.291858763815,906.87952162871,311.90244006596197,288.3541258700793,523.8029533028771,1245.0532055434498,2651.0046320252422,3684.4308390667597,4555.288914178471,5007.176093406903,5075.722309016907,4433.479240067761,3418.636840384397,2349.374240307053,1113.7193153331878,279.8383864229528,149.9456769710098,442.61363222021015,1118.473901338318,2227.803386470982,3560.575707163179,4464.70675288596,5186.844181697812,5246.218523482338,4518.3663390915035,3769.6740131768593,2482.550023477398,1415.0625661724562,666.3243117387196,111.59121624357475,433.59028710011034,1119.3451158318087,2225.995218334787,3238.5039283711467,4470.497999166603,5125.791066480219,5145.457421978885,4756.993726116433,3766.968536637166,2612.9097889699324,1422.4881946712715,2.9116465863453813
4734.1254123616545,4077.6218842122444,2741.262580850323,1745.4651711965523,658.1105342902198,324.7616264026428,354.5850458411461,962.1990013051434,1731.6918384527194,3025.545700629947,4228.645444273091,4897.100250410951,5183.647529054273,4883.186355738229,4088.846242493336,2816.498838041808,1732.118653231496,627.2736269185409,282.4726913867063,307.24183948142127,646.588223087513,1801.5394012957802,2831.5764514440757,4148.523164608874,4742.476550511037,5178.045773945954,4814.870582493741,4094.432631217492,3037.158107389202,1838.2226389197713,753.6692259403612,105.72131020690387,204.48014558555437,596.6442421540335,1640.9515209228273,2835.921063807529,3903.5650318511484,4846.150534980652,5218.908837527364,4794.587413656702,4288.420280564202,2981.879955241596,1893.055692264934,762.3243026101749,330.3722796410347,133.4190335394382,550.9967357395217,1470.1499671400086,2687.423636040994,4053.371414584229,4712.873561396631,5124.600974406781,4875.428943016355,4181.377293824997,3305.5660407792207,2133.178683635306,865.7562910768409,328.46607514870743,213.2640403953689,623.8998973807678,1609.0167606523482,2699.8625982819317,3926.3777760266703,4805.839489246596,5225.477862394081,5032.731964232771,4402.177437303955,3243.039478719373,2176.8369480314423,932.654026435855,2.931726907630522
4765.283076205692,3895.6649586955464,2652.3523919922445,1674.1695351131805,508.20619647203813,99.46314704809248,152.91993030710597,818.215103964994,2078.8977930998476,3254.8385097815103,4324.725760579063,5051.788947795031,5180.18096090287,4744.004771489859,3804.6095857627897,2736.1161110190087,1663.649854836248,744.2190455775536,306.58427593061776,353.1916813678474,842.3672435195817,2074.530290584545,3200.6843462458132,4248.270154454245,5052.3307042661645,4988.44716433501,4683.509158345611,3725.944575280395,2758.1022966556015,1537.0679200559503,638.1688664113266,298.1825599109618,401.0665227381701,952.5053296488383,2013.4791123755074,3178.313774103953,4184.070313200939,4883.799143726009,5148.875927612236,4601.101463789574,3814.3192008117626,2617.0496157716807,1510.4666398504814,669.7694224172517,220.51032954266603,371.69219290626495,999.9965276340553,1963.6598862716999,3329.791878428785,4242.60982699322,4858.316101421399,5245.598560249263,4685.664374113828,3749.339398500343,2799.3981420891596,1513.1113796891389,693.7313749357563,188.59241457865014,440.9421174162595,950.1963209828835,1896.496684469059,3379.811535618044,4230.430933499872,4988.060021860729,5232.676027589506,4672.239799269122,3718.448786975745,2798.8168526660043,1621.9889818826707,694.6039847690142,2.9518072289156625
4660.306132027054,3951.1763233943147,2647.265381211864,1565.4973254790225,715.1409216960499,289.9378837963809,393.0103928947214,1097.9077087262076,2121.490855369241,3413.3348918734805,4384.255224048491,4903.1918838532,4974.454089881823,4619.757875760196,3751.2755510602187,2512.812972087361,1301.9936174062336,548.1952452188794,90.86484733182749,272.02420859468793,1254.766274460345,2361.5997366700135,3556.6558310984774,4448.942749806802,5150.233946708905,4987.646063567236,4611.671444844451,3508.0018360900362,2516.2047925057414,1199.1233747625981,527.931100735876,139.29083020618253,416.33711135776844,1198.3771957982135,2359.076863198181,3638.612108622983,4552.073311143483,4986.142226170346,5032.921170289576,4619.439631219892,3343.163161889912,2143.771601446882,1075.0491051809804,493.98519204634914,87.18895215805027,406.1407037584187,1292.543621828089,2329.8169035031783,3613.2698613447765,4497.520521500607,5145.661734896457,4944.584406964146,4553.44792801155,3363.376455336872,2313.6644763193926,1221.9584932682728,396.07076300923546,281.6091055093826,428.949563648231,1312.5401311586174,2672.949968525742,3827.9407995509373,4747.708892961177,5017.977148612955,5134.112371004791,4243.535670374777,3239.466161290672,1961.54803191318,961.0969351678334,206.4008126434529,2.9718875502008033
4832.464078988508,3814.457952891131,2543.482556549033,1552.6380725969195,593.3605911274185,301.603419683467,506.66883141412166,1041.2708392228492,2158.54607326252,3410.2828018895852,4511.917522430814,4946.016375596959,4968.808284560109,4665.440468219888,3605.4772909871785,2497.596871771564,1117.4817799448667,397.8267699608651,257.94597064438557,603.2244725483374,1355.5682623702594,2514.880131193485,3501.1195058624917,4571.078991399719,5204.406924067094,5084.323561733609,4288.260928642824,3393.2656611093657,2082.2492692041874,1150.1056838589916,177.77081647144186,274.3170577272708,561.6970746882712,1368.5763702988581,2536.125259379681,3772.1907501951787,4684.723066379071,5277.004114211822,4974.946004589045,4111.985730174781,2983.3977883335647,1759.666244521623,785.1212187621508,215.38096190101436,335.4247607926019,756.2329626992189,1647.6177926103505,2914.9987914061203,4114.312372341094,5012.399583773931,5104.385812426554,4961.819311754278,4127.609973474714,2863.667516127287,1775.1509418385158,632.6920205048193,144.89375169710877,301.3560594169097,753.4120702185492,1966.6794964505043,3005.3158503413156,4185.252181630756,4969.7457693896795,5204.2982067253815,4672.407232580941,3872.337697156717,2747.3691560166753,1352.2355848569628,426.9387678476734,266.06970304464613,2.9919678714859437
4757.396175307648,3579.165145761096,2357.7006190400975,1475.7062260403081,379.0224077007125,114.07094318751393,556.3735059157234,1077.5299262833098,2494.4520062218153,3573.15785102501,4625.588318980763,5192.839079393951,5106.507945203647,4573.202201754314,3320.342978756883,2049.5594780583187,1128.287046008069,445.3635836613032,187.24132258842207,477.3739963661231,1372.1067135976052,2692.3068968981224,3890.650837750905,4694.807836663051,5117.71805174979,4946.206448047668,4224.0848690953635,3070.1885839730007,1733.5777431273696,708.1444645666446,113.38557866120024,199.22810987770885,826.5820872576245,1667.83160747294,3065.83590049411,4051.2678245500824,4908.69535535122,5281.435046150307,4648.85818027711,3976.706199644291,2610.137807168999,1603.4863294866996,691.3356499058473,176.9202500871521,356.634406498099,1022.2145571216605,2173.4783010719375,3315.777343115631,4382.480653955246,5174.363086972888,5040.610911486454,4628.2064571816845,3569.33690256315,2406.4854389291268,1108.9319504473342,327.36377874137725,39.02416757950059,319.0737821708426,1192.137927500226,2337.7804626712364,3783.841770279005,4513.799579948013,5064.519294227186,5025.464207992006,4355.205739307805,3409.867453070475,2048.0957284419765,908.3206067100908,318.45546794833894,229.29385728435247,3.0120481927710845
4695.5269301483095,3575.636523094114,2545.5958944595845,1167.2688373009728,499.27002905299423,199.34013121362148,512.0175836466708,1321.2721492356784,2483.9228498565385,3619.016802148154,4730.193045060314,5124.128189945024,5008.355019420485,4357.1052831637035,3130.6485560373935,2063.8268371244917,855.1391583261094,352.31574791697574,91.81991710664369,728.1657567414171,1808.4162513242072,2839.0145290119376,3992.519185503135,4768.527366275704,5055.584183970706,4701.282305412354,3971.496618432413,2685.366199351721,1580.0660634143608,559.4433404219515,247.33907013757724,353.98371521526457,1119.8244393480982,2205.3927609976677,3501.5735784829008,4445.436005821996,5087.483469210096,5165.656348011969,4609.386690535161,3630.129410741643,2467.6122258260634,1296.817599972093,528.441504599995,291.6207729710322,454.11212310744224,1370.9351126157467,2581.849212030033,3811.4936452753172,4790.672853389354,5086.762493289677,4936.207173526332,4295.53638171889,3242.745601220357,1754.0729609457023,759.9013222156067,265.2634444044607,237.75669980400053,629.2807167114746,1702.099923925215,2975.3613373700127,4063.2079106965903,4837.277787312835,5049.153085206661,4868.763530323208,3726.4596036779794,2570.7428414992637,1542.6775768692153,440.49855908760185,36.97287765355385,376.340409856968,3.032128514056225
4591.326161494143,3484.8956512751733,2482.028336429325,1320.4215079335365,447.11554299119416,190.67850185034663,439.36346939773966,1396.59382986798,2518.162740743237,3916.6965735485937,4734.810036632435,5100.883835769793,4858.773731403177,4203.160591759971,3099.2075285170267,1771.4828252694745,632.1731351361021,234.81392396424496,160.86492484415186,730.6635938486596,1979.771315163422,3162.57312332264,4225.402915218045,5117.172623552464,5033.176661217084,4671.9452805884075,3702.56481074494,2457.548239942363,1334.0805316724575,548.2054147106236,218.65281266516456,366.07925830327963,1239.639396444006,2430.9575674902044,3710.4834229641106,4593.266946264955,5043.518887819898,5130.476391770649,4283.513185806481,3136.6010628446224,1882.3964317388225,970.4459491898524,334.66847415209725,129.59043622786325,660.6537776995453,1796.197014648824,2949.4602687448796,4104.88809064779,4933.070694599339,5105.352644090367,4718.154817252632,3804.643856458231,2769.687032247413,1508.781905420181,591.0745408572776,247.43252550298214,254.18329094273287,1051.8234753269392,2336.1704834661277,3651.373756111398,4626.894839313832,5062.538123029258,4918.640940929137,4308.002372589448,3193.585155956961,2047.8863898396712,862.4918077154605,322.1235964761945,305.63635726478833,780.543043645921,3.0522088353413652
4484.843488166176,3425.1841626920113,2315.7278321784106,1136.9398830304244,296.731945742267,40.626343036373115,710.323262599589,1537.8871546889636,2830.2143601741773,3796.5225781086424,4837.723144940831,5052.72668117989,4864.449930047333,4063.280421655213,2829.6795820386506,1617.8720506676639,629.0642391420756,134.4348442719365,435.0703073097304,875.9569566806725,2113.9456912050073,3404.762603504046,4502.898410031435,5135.63371414664,4993.117812957781,4541.311268189949,3547.512524084629,2070.7914318264875,936.3067531325644,388.8028919480521,264.4549019377335,676.316684028692,1533.7245013055547,2877.2184491562184,4078.566359825944,4890.87995477914,5203.05970440027,4836.793949891906,4042.2407836439147,2705.4988148079033,1526.836010897579,638.3534890568699,225.27768853739505,237.34896669061598,1131.4606614075801,2098.21767151604,3376.137584550672,4386.757479580325,5079.84306659386,4946.44773614436,4532.019766879062,3501.809561842206,2260.5136227589296,1123.7979958842566,255.51882957938938,123.99565492077826,750.8864599735855,1699.7849338457843,2779.1115307305126,4099.668520136202,4826.157545780646,5031.748232523918,4885.71245023813,4010.278803266269,2610.593312735302,1648.2092116244885,620.8981300769607,45.759770869539004,445.0484513753122,1006.6089242876889,3.072289156626506
4575.682392534705,3300.991223137366,2132.817204937367,1111.1210545740928,414.4865577544608,270.36811211937066,601.123239181318,1734.1358283553686,2766.9194881513986,3967.9052682357274,4940.286390807459,5090.151749882032,4838.742399659683,3858.5837830207993,2577.3682551837355,1582.9691091599884,470.90850049584037,54.70594197681054,465.5119018932269,1183.7585916426872,2471.677255237826,3690.834446489162,4621.974988389764,5030.353523580821,5009.727398322023,4382.560188762562,3200.7573176716774,2031.3672213817008,797.4887080920316,386.29426638611403,274.8722592762002,888.5910054911631,1752.8424177248023,3198.257584211979,4165.003218016016,4899.528180262643,5216.529998138945,4761.376930132264,3528.375055625584,2391.833921148337,1220.525569524843,562.1943262471984,3.861959037732941,584.7358416509026,1500.372302718227,2624.2038446920847,3983.141473115201,4836.5881973941105,5244.498704707669,4800.050202625758,4024.6925381136434,3053.9355800910425,1635.270698573955,663.4260922038586,168.6105175820187,195.10298254719012,1041.740449780884,2082.302105252879,3524.9932742911496,4354.9128396084925,4982.703821996463,5218.100456122531,4352.9597564434425,3364.7001324094986,2154.47717500907,970.9350862872334,324.4326726248205,236.72697641389342,814.5542427901105,1643.6417923312003,3.0923694779116464
4541.165320644184,3490.0049031956305,2220.270115891395,1123.473000876446,210.81106442236256,245.15891703004675,644.3670291942506,1779.0103207017792,3116.128155612529,4115.502037164016,5075.043022507253,5186.384075757433,4687.763121211361,3786.9144072713975,2391.6486506909505,1252.235938388424,418.19148184603574,174.5994760676985,453.65316062857323,1392.2567850173725,2533.5838634416214,3752.484872643442,4635.269298368904,5068.990557444077,5006.476112656606,4207.78408527233,3039.173919446601,1616.8803795579636,714.6564656359451,187.5027907561237,395.58565898270206,1133.252269601082,2196.6485152923115,3357.6526116987648,4585.998839698364,5204.991680922416,4989.423654092598,4254.745839454137,3437.3003933636446,1968.9212984208252,899.0965139535135,360.3227133383618,235.42143841457414,816.5222751783366,1707.2492950319584,3045.2002740654093,4149.918327989337,4925.45943926509,5100.237987567432,4691.950247663167,3769.319805615656,2533.881979721102,1282.274309724054,376.80065295523025,298.4199902830573,645.1374591748701,1553.1427968943196,2644.604472103517,3968.8411074491733,4676.400690714853,5005.902666966944,4964.678917882027,3927.607176576691,2968.409931660423,1546.9531569825233,585.9512685433345,174.81564665189322,267.45212243791946,1213.2021663983007,2332.822814198209,3.112449799196787
4335.744838454183,3331.9297175355873,1978.4445957482642,823.6399513669728,149.73417297132926,84.9468304026049,695.3827708162199,1890.4709494547071,3069.7014586190944,4185.385192555926,5045.721393207027,5029.275896167995,4729.0977274765755,3686.273796051091,2239.3366928826376,1189.2166575945362,348.7891120085322,107.87373847980908,628.9979668617997,1702.899739045349,2926.3894683248946,4064.22411459937,4945.784542371834,5214.825605710227,4671.916776605307,3966.630573544168,2621.161309251839,1351.65822780299,512.2124649281161,218.81992285614152,556.5865225132288,1279.1834279034224,2581.2156056940257,3638.309926032809,4674.415594109586,5006.60822536573,4872.706574507402,4158.2493291261135,2789.5357744139874,1672.3385991681391,748.352842215888,316.48029794433637,452.5653248301883,1140.7313286508315,2163.9414963252193,3482.366865542899,4516.423348777103,5101.696889255856,5179.994856055436,4412.829360730366,3203.6925478711355,1972.547991368803,973.9259790160236,241.64395525380706,119.09709956150276,689.3887293544019,1831.4714098602192,3154.9476971814015,4376.026260853906,5065.830440404619,5045.408773496891,4473.444455225684,3537.079003601009,2348.1909380561888,1117.8367731104163,363.5215396656584,312.8446637898326,494.5899847829249,1619.8453047192047,2851.3993905505263,3.1325301204819276
4401.8690132748325,3148.3595166635523,1997.6241742882835,958.1188237182793,287.12526357296974,163.66677146122424,740.8742940017811,1840.3287843234077,3217.7513345762673,4262.025143812958,5062.026652955356,4985.716522734254,4361.5689065396355,3311.003624672236,2033.1481112757776,1142.797759476768,299.2794656215994,106.87274766104848,868.2510603790737,1742.1571268305588,3079.554181956797,4085.4853170916704,5029.5343218909065,5253.745758418716,4530.026884334962,3575.731422934684,2228.8664789663553,1295.225757858091,334.865550969006,100.13789121102212,551.968393497502,1694.8190442959115,2950.182551442714,4043.7717772367414,4936.032285411371,5004.643847713822,4656.952186687568,3876.6259422929847,2517.6555917734127,1427.1907628597771,401.49416224854775,25.782947344825388,510.1643662984644,1265.824435832333,2758.901131744852,3899.8394779060536,4922.116815091025,5068.150505585607,4988.1368530464515,3933.667605015804,2911.3093343596493,1368.1712987296098,434.5017843588753,305.4508618803057,426.15992191310147,1134.5929651697056,2427.4023489794713,3799.1363327711615,4710.625761232806,5063.9603383210715,4855.133959925113,4287.4306184935385,3023.1268859368047,1674.1711582328908,824.2852459790215,227.1158573360436,459.81854395560833,925.0558083454877,2137.50276389462,3460.1062247278046,3.1526104417670684
4454.906960344485,3084.871179863802,1789.5395598452926,751.260987656524,347.9374877538224,166.15789143489596,907.841621594204,2208.3649077432747,3440.26203794601,4531.967733435511,5203.002243857083,5166.114598913293,4409.492127550074,3124.6249868968744,1847.210928821441,894.5630087004236,86.26107407812117,210.57307612217556,988.9579042481687,1890.9516031791188,3135.505901153079,4314.076022982609,4976.672920058459,5114.250313792576,4489.532829213034,3445.86441412417,2010.7624999903367,1045.1105439917621,319.07216268195805,272.1121979256514,850.1046689311415,1823.2058335566026,3025.229000400904,4291.054329882783,5065.629262128096,4956.328524040158,4404.699111937885,3408.510905134446,2075.2734825802654,1030.8241236196486,407.15974624883916,218.73803072472774,782.7238395100961,1869.0655566347386,3098.667482847702,4327.6143066566765,5008.443233116752,5056.775964256917,4521.951295457495,3589.5933456666935,2418.467151152016,1152.5464432693511,438.2100258006104,41.037615912537284,715.9726393412875,1792.4078788645463,2867.057152112909,4258.0728614422405,4969.536489279478,5045.973346591811,4766.757352166298,3594.5412268236328,2456.784227334835,1259.7240347146148,393.140736394255,113.49671181716262,749.4670938308011,1691.4878033133905,2759.21593595017,4187.851212793146,3.1726907630522088
4285.9781078744,2954.3659516975763,1925.6821954643026,642.9043396857732,236.81596908133264,328.54279660062207,1154.4885738857506,2336.535723424837,3507.2429690548047,4637.157475777755,4973.8847729015,5066.434034754939,4219.235958586088,3095.183171706398,1698.3539961005042,630.379879740962,183.93953432234005,217.60009241207433,986.7942378913917,2251.5789914416614,3457.981818022986,4626.45801110256,5255.728544860877,5143.932182143665,4307.1690009947215,3105.0372266149902,1910.2473560051167,635.6374418466291,188.46488432271082,346.69481952116223,995.5613669979177,2275.1228511350077,3589.8224785835655,4596.292480156793,5215.189405753713,4986.653067582378,4276.866724134282,3129.6533656435035,1793.8593869283854,869.262665320299,176.5930998098422,431.3433230397946,881.1902457574305,2094.2082837088483,3537.7915589134673,4611.189037843462,5023.382957755726,5089.504395978468,4388.570170577102,3270.5475026308286,1817.1490935985098,815.5076793728012,50.927666308230116,285.28438512554914,999.5845554195334,2222.327301431174,3423.3421596760572,4498.402567008889,5069.241199672506,4894.202722143018,4280.808313243701,3199.291209066674,1946.1830727613753,846.8712228422089,286.71223887823817,413.4371160217197,970.7208511412243,2044.8430802807852,3325.287504271618,4649.947552962264,3.1927710843373496
4330.976031496052,2923.3709788173346,1593.4174972987453,647.0623599543707,272.1712749599543,404.7924183795328,1073.3142682479836,2421.8136344120367,3594.6962726359347,4734.991823715964,5203.0237701191545,5077.753990300645,4158.592991138152,2834.685958472257,1738.978316167454,772.2789199802469,312.2503793198592,501.5675828303246,1216.651974359907,2412.733107105647,3741.3780831981003,4773.382202174868,5101.473140282583,4769.886112798808,4053.8801858208244,2818.263947874224,1449.956501494903,720.7297439090214,237.58238658594564,417.9938385462491,1335.130548504409,2570.8298023060024,3701.2553631859246,4803.347034814968,5279.824904335346,4867.566005280971,4128.299462920675,2670.220421625031,1517.0744432907175,500.57005632826633,174.24065885616704,480.62178382540947,1477.1492756647751,2538.0923325695126,3940.5849997650116,4844.970397551813,5093.779437005633,4816.8550333247995,4017.4931258143283,2784.0791382593015,1437.1678656808926,362.7853271513137,241.6485362435236,510.19872410770733,1564.5296768702565,2832.097977591295,3930.591206532558,4953.566669767139,5109.040712024472,4884.2578897906615,3918.5311707696037,2441.3928190616393,1279.112427836286,422.46998621594,298.4284064379633,543.6078339839182,1478.7646888971726,2867.274619947607,4141.096180166671,4901.408868896854,3.21285140562249
4038.346950874729,2900.1999297530633,1673.4481972906913,646.942847543886,137.3791650105178,339.39245248870424,1333.6436506297991,2389.8900492056737,3763.409894270546,4777.509060622439,5089.294731282819,4878.179189477833,3868.579459906032,2839.672247699145,1495.2983122201601,384.69039148225664,117.96755117493777,486.2919744692978,1431.161570583643,2564.067540384634,3904.023881309671,4961.664492321595,5210.557824230396,4775.167399401618,3744.4979721567365,2498.2926741710435,1314.5247769519706,576.9488644573856,160.3309171861778,696.1703608596194,1452.2707746909023,2755.220231318556,4109.735660600407,4952.475404733906,5262.766497176081,4728.861347159854,3577.6526324718834,2480.1487446354836,1146.9587459854397,310.3878525614276,74.2058833236828,590.0268454232839,1713.4395260514639,3007.0625506509978,4333.377713277537,4838.329016487745,5122.004612407613,4459.790619358191,3360.8199573178367,2212.102666849148,1106.0396827425136,419.8478260899602,62.681961053938885,804.1759785070905,1777.5902134753576,3083.6998268278157,4469.084777570249,4979.470057414354,5125.917641684129,4361.76453677013,3365.978466052393,1899.7844650358643,946.1704195287906,306.55750960328595,134.04951503932108,804.4342563193891,2094.608940643051,3359.255836580844,4589.1165401863045,5013.279730080588,3.2329317269076303
4000.8655823509416,2730.3701562036613,1709.2047883385767,665.1050419006748,245.9555940618205,406.7784446643343,1326.5056256837872,2653.4650331704634,3842.3972340433784,4778.310196571278,5013.261276642758,4874.213457731057,3903.972619018949,2546.5127133596816,1304.3231108214775,439.2167905122798,302.4521343655335,460.2865101128957,1592.0341961941467,2730.6845538656366,4241.339407801283,5071.322176434211,5100.468661157148,4736.073515112284,3501.5353639123073,2301.5487796052635,1238.8353230070668,419.0754323750787,60.7176408747162,628.3745420453262,1702.3392001160807,3148.5947138926713,4372.95618188533,4884.193959092565,5181.933196445575,4449.283178667968,3275.8048288343107,2091.347033284082,731.2932963370533,168.13019613838387,277.5686524030541,925.0171147135043,2248.8540844762665,3284.1664553520914,4434.062040151605,5129.619525557698,5035.797773796703,4215.065509642862,3104.967185197017,1647.8998486518824,759.1467676921177,186.65601551069017,322.4324077529907,1059.3171537602534,2244.550823320445,3565.256998534282,4621.10561262842,5048.625595400826,4926.535603012041,4155.682111028609,2888.3134984765757,1531.3688584816316,562.7577914031858,115.90516022878006,425.9376610871995,1531.96948484358,2675.699860776443,4003.325340728651,4894.011459123877,5281.357179100797,3.253012048192771
4153.6345424342435,2669.920802723674,1640.8045069147556,488.27262961113524,119.20889873807802,373.37509570266695,1508.1833139903388,2824.6029698493135,3885.3770459519797,4844.796979445982,5179.304096658667,4689.857551820594,3727.479890739847,2292.3207178561647,1067.4728988481943,307.1688089415689,288.33006186575483,558.4138831141273,1826.0937610868598,3087.390855236458,4168.51633070211,5111.569228568723,5055.7069492609335,4349.167669889458,3380.06299986602,1903.7991569742899,901.5000942607065,189.32074162743157,200.24730623327784,864.627578685246,2206.2426835018196,3304.1308995194977,4397.51537632729,5074.3789518464455,5077.316495042871,4307.029593494091,2985.9790525283884,1789.092581652602,512.8987610207685,157.82808714843216,497.6556250435448,1130.2627183126033,2529.778598777989,3873.9418764210423,4830.057216029474,5212.787800297678,4952.360439576031,3957.0449978253396,2522.317359763639,1374.5271353573264,506.30741817672583,162.77599422428958,582.664920788816,1706.2413929514414,2758.0309676205475,4214.101869830046,4888.551504709998,5193.481681891165,4650.068389027151,3634.1359945400923,2354.314112714899,972.7501888083679,129.96124076901313,228.03289331133317,786.0960083667471,1803.442322101848,3180.486839778665,4482.830093158536,5144.846535650499,5099.46963789807,3.2730923694779115
4140.917347068916,2856.8214259211645,1469.0222348037646,628.1502456148439,246.90771150267128,410.87368405168,1574.0684256514232,2866.882990428315,4112.046484956679,4912.634368829001,5153.420264674368,4760.130916779918,3656.437839771049,2298.71641523602,1072.4210886711305,431.0007233363265,197.005645252351,755.7823056671122,2041.0686723697884,3312.5039874390773,4486.532255079309,5226.94425720552,4983.081574715384,4455.182358285336,3028.0444080308903,1633.462216895605,844.7169366060234,148.0326838014361,479.504532680361,1199.1075081358854,2454.639978622367,3624.1729208651814,4849.783427641449,5273.919284600586,4951.865750753974,3772.249074405932,2518.9813515186743,1452.298930396111,555.8839718554498,65.29701072517706,578.1032999939844,1520.9515011778537,2901.342966414872,4115.154755354252,4851.010828399425,5081.851069219989,4422.659679246782,3328.984796002877,2236.225659581525,816.2145661878587,381.5011071347835,286.13694985332694,869.492363211525,1993.8122251212646,3256.6845461210582,4429.9243610399935,5173.1959895738455,5135.973002602514,4105.403745500749,2860.7469089037336,1820.064392389956,742.7145699015598,48.110114853501244,330.9599729975261,1347.9649150128298,2470.5307636765856,3889.962929688536,4741.989605171062,5281.060614877611,4659.582440096979,3.2931726907630523
3832.22216770383,2772.895007672153,1471.3579126423085,326.9232988945988,200.1283245570236,629.3629209353702,1651.8911044779406,3027.4050624230267,4287.6385063170455,5113.00249664575,4972.7057429390925,4553.471673054679,3505.3016657887133,2214.589138098446,907.8401106792734,140.0262114775465,197.441863555406,1045.5627001304365,2073.8271355225284,3503.130490722624,4520.658772784428,5225.057789982046,5029.056786450231,4103.488018793493,2714.087991230888,1530.3687653272352,489.57004877120755,140.591853895495,554.8149314007223,1331.0927694415095,2755.9161379038005,3990.7495137181813,4960.556526484069,5224.466269507511,4705.086650807133,3589.9334449843755,2410.946627968582,899.2525742326504,381.24389501580515,87.88107422557856,970.5647539620147,2056.1262641306002,3278.545692802588,4376.067609495887,4979.315621447174,4995.599735684859,4156.785530778443,2969.0162068453074,1587.0845655595579,512.4160525722361,48.24579591191619,414.7623799557093,1396.1406406089955,2420.6022205260165,3755.438035044107,4690.748452513031,5155.166197967932,4681.268480688736,3892.0020017969946,2511.1306688381164,1081.0445416565058,221.61269694112394,160.11615222580915,707.1182213617062,1763.5751588696219,3178.5255009405437,4277.332354990515,5081.796241182136,4987.148338073751,4440.920470417997,3.3132530120481927
4013.952796906527,2643.2773580515563,1269.2445160342934,539.6566560122691,137.7031824647471,786.3877224341236,1811.659539260061,2917.941012163047,4306.752798378406,5111.644551540121,5163.4779325890595,4376.918840482613,3359.677381671177,1828.2467369079561,763.4224514918089,193.11802106942082,384.42843714341325,1034.3159167844847,2442.586266925792,3593.262023058748,4753.1905605005,5177.711883304931,4889.831182525833,3859.910665074956,2591.5074406316967,1400.3427064395312,421.7635832851951,233.13266393392058,496.622767695967,1777.4165871170935,2957.6058573594305,4232.620321254716,4875.79928173359,5123.797657250687,4420.873647273179,3177.3305684350476,1892.5513714427639,676.6048141936226,139.61395365547733,348.33878508367695,1084.9419936799236,2452.7038594983137,3795.5030168408857,4771.0580141948285,5128.842339981953,4918.585515513258,3974.783257271715,2687.496633463029,1365.1083681271666,365.02130551156404,123.29070389200163,500.68953765520973,1838.3732245241476,2910.5012606224354,4122.798208814046,5099.072401844036,5003.091424397782,4413.9763157749785,3233.380359592846,2052.805465087404,933.6636490407788,269.8137649197065,455.5743268864227,996.7177035440737,2504.7074656621453,3613.354882222207,4637.960877038908,5022.665079143171,4760.0965721555,3847.3264099031157,3.3333333333333335
3943.762093115636,2499.160767202136,1250.884736407305,463.32470918304375,90.44929848334145,670.3653533776542,1802.8577573597331,3018.2473838325054,4338.910755057403,5162.6898161792415,5184.879091736607,4378.8154377409655,3261.546945879592,1788.0458765439807,678.6677686728319,130.10401951030073,532.3214196693488,1193.9417477507673,2617.9085100403045,4037.0482571777193,4752.0660155443275,5293.5055136283545,4831.7228491024525,3549.279502318823,2409.4155468815075,1081.9585046727104,321.328330669693,60.88537337410317,922.3081147231446,2091.0962103335432,3470.066660744036,4427.192006808589,5213.467771081433,5042.188236058702,4237.882499242791,2793.6661494746354,1613.8483601095015,426.9822303450539,289.8171713397113,498.8337740370896,1560.5129592466926,2785.5922117382365,4028.01595661689,4799.041483558959,5147.4230151893,4668.799990170852,3544.54103187882,2024.7996249011796,920.1755588757493,287.7415982189243,219.68938524647055,948.2836463042337,2226.357863072548,3641.184557754679,4760.860863279133,4993.963062350793,5029.430158008548,4152.567474556612,2631.142459743315,1394.1197487017237,590.7139589148858,225.87263408531956,687.5833444144107,1571.0134992433573,2841.0344883159423,4269.964711175799,4860.08956809446,4978.212665973683,4477.994629381135,3281.264701269677,3.353413654618474
3731.7106367685064,2449.4745179348756,1066.4691049573603,388.80758835335956,90.81610901482159,671.6152830778227,1899.4247093029492,3212.433040046762,4560.521620970271,5237.87360303573,5042.986492686864,4184.828347165048,2874.8690098790016,1706.6423221214868,536.1434087296078,130.7424164364435,446.4972314045077,1505.2448422909254,2772.4526090683266,4085.9896214576506,5009.441220492482,5248.918794086435,4686.625548546436,3337.426940139941,2026.9163673855974,951.1381711924133,304.1478566754861,180.92490520018066,913.6989583587922,2396.2803200557523,3522.8108794514505,4755.838050212881,5208.2967122448445,4878.151007436895,3827.1081992207673,2681.541484227731,1168.8916571987254,446.1915322104892,32.08791189583991,640.4138811234582,1946.0681440259295,3200.1175899137975,4321.174704439921,5022.436996728969,5185.148667883202,4388.100313803246,3043.527894911455,1787.1555810952107,730.8562486179344,306.3806261927876,450.29153950310206,1273.0991187482214,2632.7317903016065,3911.428417818613,4778.435588204575,5186.550116175505,4770.897551756996,3605.6813561222725,2181.918012098086,1117.6050493320456,120.97061505097551,157.69953733018218,884.585796484377,2183.545454095807,3488.3162278365817,4750.5677582664,5207.172346160986,5049.792317615296,3957.2100009844926,2616.412520036705,3.3734939759036147
3702.045344617047,2473.3997692842718,1144.2946761095088,174.49827597769578,228.9366685035207,899.8543959196932,1900.0534732318163,3377.0665537084387,4494.900791302366,5165.828342178305,4950.685634325336,4004.700892076136,2899.28692405154,1363.1798184180057,453.5443896150853,40.37220329163251,622.3612678621139,1504.6636279870975,2910.3886136118776,4310.986010767375,5081.798840656179,5137.505293677628,4262.639850587148,3337.306523456511,1847.5624427553755,829.9643133659457,187.84323385262167,243.17069051712343,1371.7215354261687,2730.714910255563,3882.6660819755775,4753.868378125063,5143.495135472921,4536.3122619311725,3574.1062688112743,2333.9377050471003,930.137436012592,371.77274593196057,351.01926849820256,1096.540435431093,2174.7490174355307,3506.130653017304,4725.041368389263,4999.569903564049,4956.450580369557,4104.246130635908,2707.9602276548553,1450.8873080119283,324.7867364683051,168.6106325480344,567.0307222340466,1780.8200228711253,3289.700939043535,4467.93800254837,4934.337237960648,5132.122931974257,4281.902477750413,3017.3601025608123,1823.017689019138,647.1341493061011,264.06341004225345,512.7947367857499,1546.1138138688443,2850.788415216737,3965.169387454253,4910.340162179012,5177.969491402215,4691.830340825359,3397.1447839279363,2076.1675432546094,3.393574297188755
3689.886825808736,2163.040927551107,1154.9108523877483,340.1534220632473,311.7938103871952,950.8588636236351,2060.73820916662,3485.616532807573,4773.307486444553,5119.155067897389,4769.951346929618,3924.780445159446,2748.11138607011,1352.6756182607899,373.11348470070027,168.6771634442614,831.9121901348124,1822.9893750295582,3110.040370294835,4293.2444869380015,5196.70572009882,4866.409676526539,4365.481323830329,3081.0546632396367,1650.7806579657895,597.4634794769885,71.98854676922505,419.17717239462695,1433.2924042021752,2806.1999205939096,4047.5843055232554,5028.410167471397,5225.91516896556,4488.662755161283,3153.763408492879,1828.8323001370584,603.6259912386998,101.98222574023798,280.67004479660494,1155.459090076664,2480.7840308400423,4050.4579644245737,4931.328724995362,5093.9846427594,4601.742831200435,3468.2712020467593,2290.555737151294,934.8867180958613,226.98882573037815,120.53287282198511,1132.0252047926786,2113.615462993431,3515.9961800424276,4731.36592096857,5278.339446236434,4941.0452163158225,3745.015375012517,2595.9016445052303,1068.7990848903635,196.56311071491353,186.1965439554297,762.5278391757531,1879.398735750602,3274.0150931185726,4608.681354623967,4986.438142485768,4850.739393429031,4049.256103062888,2858.8690057301055,1611.275431243558,3.4136546184738954
3686.6380499752213,2291.222766037747,1029.6072251669484,264.03102228041814,123.08091794829873,1025.9390569321881,2275.933109451838,3709.624546951154,4578.411792650483,5276.613155871332,4792.44386061873,3906.4789824999966,2553.6950245880666,1078.2381201331305,374.2163362320434,189.67689834484852,695.4822142775743,2102.5996364377784,3446.209338115332,4636.106809484844,5241.367864086506,5050.291170512459,4172.164047365811,2684.4996761865373,1276.402493652963,466.9458066325594,312.0434335071469,786.0458659088812,1749.1901707081038,3049.358019226552,4360.622973469765,5126.0099814478435,4915.8453455046765,4249.058817794429,3057.243817967026,1689.578535883279,488.91491767325755,77.57594730135841,684.9573045873392,1567.9727400451752,2922.6042822553286,4325.685993542169,4913.438202841391,5210.85546592545,4519.491483716988,3209.428238372262,1918.7032439029203,766.4870756390023,62.93575820888188,463.8135356191524,1437.3418148468904,2589.5996352200077,4128.416511028816,5068.406301949717,5259.983960478398,4602.106007252127,3337.708173913365,2123.9815911969204,672.5291712883147,155.01962887095368,370.19490671931953,1149.1551466271762,2357.6889046822594,3786.1639352912694,4778.4776449328765,5017.000182269331,4620.654946105491,3743.8946446139685,2135.303784227607,823.4862997754107,3.433734939759036
3443.6822137787844,2233.2733983624466,952.6262897119325,106.21414385128682,183.59511937058363,1034.1915735051011,2308.7156208119522,3785.8902727090353,4772.650536703878,5081.563736299848,4615.711772691327,3759.787710718363,2313.925861895571,1138.4821697981151,194.95025527291898,178.76049209696345,1084.478446576568,2131.5674693142782,3478.811659233782,4731.564896933689,5038.667235835547,4928.18997095996,3705.2629476849584,2326.7542161481624,1175.1312760738158,388.72147353786556,347.3379829741259,846.6057764317651,2167.471910043658,3424.0569824218683,4599.240033174933,5048.796485888025,4991.592173179072,3921.205914335304,2557.763253053155,1265.46124341902,359.232169790432,179.46948225965747,803.0558002150041,2062.9103917140974,3420.18767950244,4498.807503030869,5030.660473688482,4975.353305331909,4144.93922002865,2742.7882177336874,1310.1599290540232,537.4673516951073,251.2261524267497,550.8312684793154,1865.687220078754,3195.8456038405775,4285.582272179708,5040.941488357782,4846.932863843177,4098.865885916657,3004.934076100705,1505.7155543675585,397.1467473739807,100.34308733650995,513.7097599180233,1627.7896564076877,2983.067448290951,4301.249225351661,5069.45659085486,5129.216014211958,4239.004536396697,2865.2462746558053,1515.818177236652,688.6501343661661,3.4538152610441766
3639.4859900520955,1990.7524717493059,808.5553717718101,183.42632507248757,347.47673529065236,1261.2844505256503,2418.4649829960777,3927.181042527468,4748.7917270036705,5035.064086079527,4733.997503850422,3399.0201668010477,2022.5130173250616,827.8197413456894,106.97774257265792,362.69557220258287,1127.132745476314,2428.1516339568834,3843.506519681445,4691.12131995965,5179.767376415547,4838.167548395221,3668.3607284751906,2106.661337015756,972.4049757426646,183.66714397350898,136.5830756818293,927.8479387122823,2353.989955918435,3858.8676330289827,4653.0938073582765,5120.669376634867,4673.4420622120215,3547.1976960745997,2186.497532379548,961.7671944660474,268.52137009129706,293.6569519218572,1097.4326827425325,2188.8427954781814,3820.4159960132915,4651.8598915789025,5295.983058500344,4691.937598865818,3797.7376644573624,2212.091633300532,1075.6402178124795,393.3063303205452,314.12741368185397,1062.6759011557715,2235.3137512307876,3811.435658045196,4744.588830088745,5114.599008891986,4681.871254553189,3857.7597236306624,2412.4857138187713,1064.8592277350303,237.56573950760324,382.5314183391351,981.4111549408474,2313.1391742107353,3634.620914244057,4653.503182453471,5138.4612783875455,4661.5031778260045,3831.419921990457,2371.033228090561,1047.898843577516,292.28893538230625,3.4738955823293174
3480.563640699895,1942.0949953054171,851.360326361854,317.475203552124,347.2467816139258,1144.2810373590294,2645.5513191584555,3890.7733333401134,4751.977875504621,5212.378691224303,4683.204461497056,3518.3328280958895,1956.0983927559073,699.6857835261179,77.64253396730619,322.67438294565545,1328.0020682819634,2522.9675871421014,3911.819965888044,4901.465773975415,5131.060063306916,4521.191516799203,3437.3101134039707,2081.4038631645417,803.7882622246134,294.3292667279731,321.56295062338825,1406.331411188859,2744.8270940074567,4005.86026231779,4833.154501458322,5150.1713397502745,4488.421166967001,3463.0294090779594,1813.7749568802915,689.4138127803496,114.10377888397741,472.01432358940775,1251.3141701577472,2706.5699806968178,3951.2204033365115,4956.703430777144,5098.25616757374,4566.608430872421,3279.3792650249243,2008.858078697113,794.8379775950336,303.41708758167067,499.56741173917464,1375.3426035874754,2859.6105846879323,4006.4296217593937,4931.814471762545,5169.061775325047,4407.102745556387,3172.090234045925,1952.2056872207438,537.7812531992867,110.39910860653356,467.2286284484255,1418.7111503891865,2773.242551000197,4237.590378342793,5017.905190693691,5166.9748029669845,4494.957666629348,3110.3121557191416,1907.7754747208144,562.1411543149446,212.14741673478872,3.4939759036144578
3346.8510172453407,1982.1390802669978,850.9534300444421,311.5885264381717,315.57112458963064,1420.6630598347765,2655.5238375586655,4135.767419431674,4841.96876666252,5212.090780038086,4480.513987455629,3180.0374227343254,1825.227864724252,660.1700114402573,248.24642993351532,442.0412653122087,1484.3421201371395,2911.653548993499,4301.298476791017,4983.562623639723,4977.766870738758,4528.642446175453,3121.702232204636,1719.8817485636312,466.91189968715844,185.7086911242174,482.18655134995953,1664.486745119187,2982.1904224123855,4341.260025403197,5060.442673745615,4934.120398708809,4415.395598669277,3141.5441681393854,1635.65549518212,383.3453067872255,116.84265080699889,477.60659856214096,1587.170585874608,3226.1829047199362,4343.877747203133,5102.299859021337,4915.5393266516085,4170.709896556299,2805.201963743781,1514.8808470043946,480.8160976984984,48.99759564895219,785.7494753627866,1734.0528200594442,3222.157330802862,4367.081685469782,5125.356816946464,4920.581618729505,4093.804406360331,2674.120109028712,1500.5367531256431,385.1167373864955,315.7879046388322,762.4061134728757,1924.0624170110336,3324.920680433477,4611.730810570486,5074.48247099301,4833.561480965391,4029.3339653924772,2603.3090227271873,1118.7306891855922,289.1345299314197,86.46208846962742,3.5140562248995986
3282.807850446011,1850.8581669651933,787.4341068903046,200.9150368311924,392.4586850039821,1438.1882794958358,2730.132868400743,4005.0623451213232,5085.593931623512,5111.783508340591,4315.488127208134,3248.0333600176286,1733.114663277878,558.6088507052655,176.69798678312722,445.4152947559091,1568.73908544887,3114.1241434151116,4436.764478814732,5179.929452636834,5164.852012013311,4219.0903721485065,2989.339944452227,1511.2870502315286,601.7846871977829,126.34640648219589,570.4760831521281,1921.6240646161957,3113.244081259694,4602.955946992248,5187.182973671082,4969.572618085304,4065.2613421168157,2543.1119870207467,1338.5125320622951,385.9065453758376,215.3867377579578,659.1485454679244,2169.606048896049,3311.6209420302803,4650.354924230919,5197.467182105987,4791.946455891508,3877.7743052635656,2444.4554241722217,1104.675644940061,408.02008409844814,305.24550590713494,959.0341694094822,2356.239264207127,3814.7599646530034,4747.475517859073,5085.412975835903,4728.673350084279,3561.7869723004505,2241.0603886865997,823.9825239708479,308.2275296999647,343.1049714003369,1150.9040875947526,2330.509655688644,3813.753290018428,4888.2909745566885,5132.947763518331,4651.733391384902,3448.3055271397893,1996.6645947642508,901.5853297624635,123.63290322463907,428.1668047375698,3.534136546184739
3306.9657210769938,1929.7357975017212,686.222326019966,159.3753364429002,619.1350083009243,1530.2480457753572,2847.771237562816,4274.257548508593,5065.994825984811,4941.487779721963,4266.30535473775,3028.8675384046137,1446.8427375955723,430.0171172104317,214.38169299451906,539.1150482312904,1899.2167466247965,3257.04436002083,4499.200109185353,5082.254644570719,4850.660005476766,3885.960098234456,2775.0640434312863,1314.5527251300482,435.5991718524822,142.0881461062173,730.9249830464818,2058.6861569634234,3605.8910270249958,4795.259461916591,5249.2821075976735,4814.050574059896,3736.290294088883,2361.8721600268086,966.8054098428918,290.05621589860846,195.71993117841077,1043.8915286089098,2448.1807798729023,3928.9212195616146,4966.189218122082,5280.679168720686,4526.056731202799,3567.1623893803358,1982.303395956213,826.9767918803419,151.33299424888233,461.7205972133228,1372.6274663245772,2769.590431728431,4068.0761323172196,4943.668061306412,5203.41762573296,4558.182898199327,3206.70196710609,1666.5227667234772,631.2224698877908,299.45232423487926,406.99994630101975,1688.026850428352,3167.391293890048,4348.553867359489,5045.776704885087,5137.968968664934,4232.331128872253,2701.4888413879626,1323.44238259382,361.00067170047504,257.6251002634218,736.7047130971793,3.5542168674698793
3340.7967407881893,1692.9526396509834,542.0871212108556,14.481426053663546,433.34420709353964,1673.7226203079244,3014.013446300707,4341.505631034097,5090.785237801273,5141.983627611158,4251.337082140967,2930.9988767078353,1413.078962271882,376.18508215398526,89.25666527250222,700.104910222796,1844.4759515111164,3296.5682848998986,4654.657277963112,5076.9490072466115,4898.666099377656,3846.38473514917,2494.9568153010778,1008.4719288278006,353.7064151917207,182.91506632172064,1195.0484853052053,2363.7753483497017,3672.870335943055,4749.305224267356,5128.778873169083,4621.286844622607,3571.029008175705,1884.3507775839373,893.1013512585338,92.31203862173402,399.2316913294479,1447.584551558334,2873.2527186472958,4209.955237618066,5090.819362813313,5188.778911651993,4398.373611546272,2930.3000695783458,1723.5081193314281,668.6049276472767,120.22344731747293,725.1613493863824,1601.3790521734725,3159.3910587591217,4522.914039681686,4972.8802006897,4841.798761459617,4056.996264532695,2559.0920959416853,1364.5020122681788,320.59021751601443,175.9512012007899,797.2283261532262,2170.0391672402025,3460.6230863464293,4765.972770062804,5085.202929667779,4796.494611584274,3801.7789054256136,2218.6676823117764,1074.0413550045919,192.76865410358812,269.93186185475264,1048.5257020248355,3.57429718875502
3165.650774764274,1678.9256837208432,537.7723478257129,218.48805249920662,475.64794746936883,1581.2272646786416,3274.241826919049,4373.830178279692,4960.86539381689,4950.380462563278,3894.924251133459,2665.4822211387977,1129.9009446033244,245.18349491700224,214.00777962371214,983.8781802435797,2035.4254546909033,3619.600009062087,4671.283638573089,5171.998396067341,4776.632811578562,3513.987488040478,2209.051190642154,920.7771887970694,297.5049520366072,353.0974716213711,1134.9884860118354,2727.993520091558,4163.508254531788,5098.815237892156,5033.008837843673,4382.088526657018,3175.51507502493,1695.1349972050373,618.9021820624669,287.9632121444727,443.3879161032693,1567.9572095044136,3046.866457848274,4359.057763806932,5233.765354315005,4823.507237100627,3941.15378992468,2490.1452794815777,1395.7168740977058,464.09818225402705,205.87884789752624,744.1951934233771,2254.695725850423,3739.2265591985247,4760.642809922781,5196.012427123114,4677.932517846926,3597.87149733262,2007.4447763223698,725.1131912213044,251.00607568642369,368.26695958350047,1198.2304623558189,2780.9818761686442,3934.853774352512,4951.178846918097,5071.151835845813,4472.235764740042,3013.8212654016907,1703.8280507194381,479.2585854318564,29.380213379528264,535.2855792545658,1713.8657941299202,3.5943775100401605
3090.2683081431833,1498.223330115057,546.9277828793574,211.77649477632406,609.4549070524349,1807.1867634545142,3382.666800558244,4610.402813756846,5214.485082832589,4933.600586520305,3832.7597093925788,2509.625459009546,1275.1676197037739,346.4036692169243,223.398980252086,1004.0747353402403,2492.2247112196746,3661.3870686184305,4890.142367782764,5089.132729250543,4694.291157603345,3257.7832366736343,1809.538162579943,795.9780734581797,236.72941776772416,391.9235178906811,1641.5479497268313,2829.22541744416,4330.398928132205,5193.158561557352,4982.805928995881,4223.0370214993745,2673.270288634969,1510.3629398172666,538.340289524349,69.23289479183623,794.0324300942655,2143.9365685287194,3560.0052256102977,4815.94921278908,5140.33347560819,4714.4002560843,3649.605683101985,2272.677229085509,893.936845549815,163.72246434564656,306.2243749453789,1156.2903193564462,2646.452997195751,4048.4768490750184,5032.656642417387,5135.351632005356,4259.209878093085,3136.153985463756,1611.336704505186,665.8702168864085,217.1354283501743,613.8807577680566,1785.3549136956374,3098.9787848362216,4362.418029793269,5098.468208029575,4864.177976819613,4059.2254235201185,2568.392346406839,1267.1995399087964,204.37514954123742,166.6646854189323,1053.857143320757,2357.53813065088,3.6144578313253013
3012.9980387141286,1682.5163199295407,598.6709582941423,237.96776400175182,777.0601950024148,1754.969671641574,3280.80519867801,4640.938970853449,5141.016625322158,4871.085937307022,3834.7810327335847,2436.95414091092,1088.5855360606938,196.92156276927895,322.6564659145058,1263.570098278466,2650.7831189813724,4108.100754537105,4925.210764202216,5189.463762358083,4373.765120274443,3007.685727341947,1770.6488991305093,419.1313511377877,186.43611720368497,567.3327738693906,1863.7111559004509,3125.3975988393486,4601.567288429808,5102.14430966852,4962.37339630685,3851.734364331579,2371.7569348105685,1149.4084784123877,149.25170661071593,187.2024300733238,1098.8959723622856,2470.8638511246772,3871.6678221489765,4738.363250473668,5172.702858966461,4578.395774936716,3186.3947035734245,1848.2269048426483,754.7644796435179,173.91290155843538,468.0419161474565,1581.2006691637685,3043.5647067545747,4374.8352116770075,5001.8116830225745,5040.877495912807,4121.587970746526,2717.5774217595686,1298.005025436683,414.6557502252642,198.12670409642982,951.4270335152432,2309.8544961324205,3665.694395725268,4956.1371024658565,5262.52180246416,4490.853288583251,3477.935100451346,1886.47159028384,658.6526840409742,102.8163944808779,383.6381366377922,1647.758335028481,2987.0691979058706,3.6345381526104417
3054.130603897608,1504.507152047176,579.1018628020365,205.86513279491808,885.1770150859063,1997.9489661240177,3364.6707040282313,4726.217860866422,5005.471518701796,4748.293573632038,3680.8755299564764,2315.6231032610685,935.7518320265422,142.86502540620944,323.63345216143364,1460.6673648148644,2668.09435024745,4067.0888626835454,5111.542214740699,5103.80799467623,4398.873797260898,3013.9562066720837,1566.5296699175537,428.61112775603965,185.6366040045579,700.860071522454,2089.52359353463,3353.1079228954877,4813.861758423205,5085.0160488037445,4789.429109200772,3701.1936291012307,2141.437965266107,747.136262046497,76.81522940385673,284.8143708494814,1355.638996053875,2870.396072619076,4158.31518674077,5170.972602639889,5052.023146032629,4183.05720442393,2932.210589983123,1440.6776498521185,415.2896099667463,152.92887356493318,675.3431114184003,1955.3315033273516,3577.0102438950953,4547.700459603625,5210.38453619584,4861.269617730017,3473.436202884309,2025.974255719309,713.3895192283094,65.99051892585314,322.13629130880156,1350.9417375874962,2700.7805878613713,4301.071369898259,5056.987581408805,4909.598695886995,4154.540837208873,2920.8420363152504,1377.0310367150093,430.64027877956863,248.58545762765542,944.6719669262095,2072.9512142886874,3437.9421903555644,3.6546184738955825
2776.966717329787,1486.317870468826,494.4785259639722,141.68061432520642,952.296699330316,1981.9143994536862,3445.3192126089157,4785.1366018682875,5176.119794572756,4724.704155774183,3410.903262855129,1993.959229265193,650.328472674646,179.9599819825209,369.614264383438,1494.0231083603146,3010.856664333078,4422.067013557179,4948.813998934213,5004.314065378295,4120.765774845468,2612.874222101102,1407.4420823357304,397.10322831558733,307.4206008627152,934.6079458481486,2185.231001340507,3855.765428554875,4764.376150141528,5243.69492743765,4601.419703552125,3386.920617609884,1937.7063645809308,626.0637649684702,58.77375182534116,430.63963639161767,1721.4043644681685,3237.13203741914,4574.62837936598,5170.499753297671,4874.876295455293,3895.1197702846434,2462.133630810077,1166.6604626136846,329.5561312553105,145.34757642771368,1192.7986923011113,2356.6408083767683,4071.0675983627602,4877.095226181303,4992.359851521076,4565.042223523675,3004.1571964750015,1666.88051987099,515.7869326568615,259.2077832070572,560.9462660987216,1856.7919369443644,3380.1481589067557,4497.308825985554,5012.423170696081,4828.590737368672,3689.977816656732,2396.289481754814,990.7116832494573,118.47807569136182,326.7026884018874,1205.24784852927,2786.6215620994426,4256.368988706158,3.674698795180723
2953.182255032463,1400.0115422734789,455.3213494139381,314.1316343333966,924.575862608862,2344.7538828786837,3750.2456956102724,4899.214278721039,5077.677874787614,4729.535868248495,3342.314348548375,1882.5658627145697,678.671926259381,129.8346543794935,585.7414187758452,1597.2219760320324,3105.5926294178594,4499.765012853813,5229.790533232888,4902.173473846866,3810.5190662729774,2327.394657361831,960.8556523107264,273.3341243602429,356.5405191297927,1244.7355486234183,2481.55930811416,3893.7215948760518,5091.906598387914,5016.234193974823,4305.649881284317,2977.8573702739927,1611.208889680687,427.3134334529475,121.04383888193377,711.9537681311034,2068.892478755482,3389.3501456763843,4649.93240119403,5251.320598978176,4623.901593765039,3695.328375195057,1949.4709783493802,654.0277860461778,21.551151654835795,568.883071956167,1346.9715473588376,3074.237645214508,4249.416780285066,5063.050178570512,4872.884427860733,4105.858004207369,2600.8009952505436,1164.9915019467394,279.42406104319724,360.77539648433833,884.7106214940464,2278.287983826145,3944.3038064586485,4943.614317210087,5237.514115834196,4569.196597381288,3300.9804700893546,1586.2044178747662,539.0510442869819,250.87546240904797,608.5415116679632,1885.7788722122575,3359.7618570313084,4584.880695333279,3.694779116465863
2786.933489823003,1262.2661608094766,451.1298635144144,239.56945718271356,804.3798687940676,2161.8437195324495,3734.8976205035124,4784.873207432766,5238.402933442038,4398.767671955751,3231.6593173137167,1772.1017371446121,509.8755748308828,168.37903325750506,616.6047655945606,1747.9114262617607,3228.134540962992,4457.582228017547,5204.434694790625,4875.865459710847,3641.2759050986665,2089.5869350542216,749.2238359514156,123.46179401551453,233.13940740449155,1274.0004917891674,2952.852926567285,4307.024760769761,4959.399348247582,4946.526832125596,4022.8315379831233,2611.8954146561628,1388.519137328314,365.69638580072547,246.1397953942341,1117.1582645258613,2293.380779799654,3856.630616824279,4846.355238960506,5084.735431124646,4537.066580077472,3233.404292161861,1821.7940940464723,400.2556449957315,117.08543372721351,662.7012327444471,1919.088287452486,3455.2307829200004,4723.047045503543,5180.89043388101,4806.2728961425255,3686.856726781373,2272.8080693878396,943.430599230518,180.9769976055473,432.3672452381946,1450.0498346728405,2921.443958640499,4231.916504078248,5038.259913247281,5076.871665797627,3968.8210786153772,2566.6971591857605,1099.3489770927004,354.30436977711565,244.95802370948348,1161.013385369455,2467.6535517237453,3815.93773676163,4956.080710143271,3.714859437751004
2827.9490416121857,1370.588174041652,367.414747059064,361.7950247099935,1032.6273584450385,2398.6897403813664,3981.6582211979617,4895.505321394783,5204.975296625936,4399.719454863829,2954.134409769469,1532.8586301325108,524.6066865747222,258.99551904824835,844.5747775882684,2074.254454419805,3583.663130267787,4746.133753778762,5081.240763101257,4570.703556283641,3587.3016127097644,1935.7587375958917,635.8743939596627,14.747362072485071,552.5735016286475,1610.6442163822485,3026.4208863084464,4476.553361771377,4999.504210135394,4799.283111519398,3883.621520897952,2268.9677325908824,1078.6699652130849,202.1101357980355,358.3011345344901,1408.9971501329599,2600.1112798473205,4152.143621026909,5114.1992636613395,5011.858070335788,4121.032195034858,2810.2652850085565,1364.1350256019841,241.05043454339088,354.8671245225177,1020.8330586891109,2209.2914883404555,3868.5586351691563,4852.747502633356,5102.407072169886,4607.682418839372,3045.596102041265,1771.88506538937,599.8721969119779,196.48711153468997,711.73899216164,1928.3820104630709,3365.6597747099854,4565.3070032387595,5232.385946751522,4799.878056286731,3631.7043161860374,2057.2549029286665,867.4560124491371,249.7410527564228,329.4402007065364,1404.7220409997678,2991.5580575007143,4414.3681698245055,5005.157147453728,3.7349397590361444
2712.0511421168126,1075.1093964961442,220.52701001111717,234.10604455795988,1014.5499326655163,2646.3167349538153,3900.9790625115993,5023.570955922919,5180.532375474755,4455.842077812851,2807.04244585879,1335.234390267042,389.9124246367787,173.8659458388571,870.6429058730962,2125.60079039449,3633.4300850932177,4884.1945880794,5126.467825617192,4491.867084939653,3363.1682832566116,1740.912031775941,477.9103359780528,161.33065014762755,629.2436691440083,1755.4384034050527,3376.0329272721438,4547.199961343077,5067.741146994198,4842.458397958614,3556.1125717815703,2083.1643494007344,861.1881620089184,174.91618930388583,332.8787796119617,1586.5736943831112,3199.095038862585,4385.215496700656,5228.754629120429,4978.761781817229,3802.1931195253746,2396.353632747985,896.7493677912303,301.4973508993616,371.4340740797485,1343.3009840433187,2868.9929831630047,4127.499624769957,5119.419435749475,4917.092318728065,4141.087403425968,2645.343666338505,1175.0232838973525,400.53413499429575,275.9589857188775,966.5344230447445,2393.1092214856903,3997.342101939254,5065.46326158805,5165.190104678134,4471.467019829549,2944.023068949278,1392.233999091755,323.6761999527325,114.70684297401591,786.1619108157594,2254.389549571536,3605.1882641353686,4696.633529572865,5181.578778849592,3.755020080321285
2605.8121253781565,1266.174476480895,344.7805841763161,197.97168418667047,1155.1407540721327,2716.743690528418,3969.5692617562954,4986.646289473798,5097.042876455129,4352.885158493279,2668.0346337674355,1364.7722853014197,463.59002680246454,155.7554503902316,1039.8211774332124,2340.442725128365,3720.306164549629,5042.021135186456,5186.256803428049,4354.737092973029,3020.4306050591963,1648.7393386994077,484.91978451491013,292.4655202750335,885.0790988958452,2038.4533812575526,3786.2582817411703,4842.863460206822,5155.692334472955,4652.644748687963,3191.1185241509434,1887.2107745869748,541.6921668702057,280.55014284542193,754.7423791555265,1973.1260543625312,3424.604969066681,4587.257928709718,5233.825710924115,4580.742502363252,3442.3927605328395,1986.3638375398446,622.6125271719119,37.82538416763642,484.3153651101531,1717.172478132882,3150.5021334490884,4570.407513398475,5254.638734241634,4916.617086369457,3650.795192676119,2358.960748417596,873.093515285362,76.02439716397328,413.52989341661487,1432.1048831154983,3009.7143760021536,4344.4530287590105,5155.510722413484,5047.9907933518925,4076.4559322860423,2317.7551002907744,931.5827341953989,240.01481696865932,206.13828747810612,1147.328426067095,2640.6204020250257,4160.306363758887,4920.251769353875,5174.478044639979,3.7751004016064256
2432.05080695833,950.6854341737712,249.36141799159435,221.83841772360535,1300.11757964335,2691.359403188736,4041.057365918416,4897.620106707527,5112.719053355799,4132.471869036706,2566.9866149629224,1117.9505712326256,235.21631283212275,167.0471586338174,1213.8258097934208,2617.3443466731387,4017.0087989460135,5055.4048571810445,4939.315101299129,4172.700529106024,2687.47124542869,1369.471021676106,196.86475667486388,156.75217267340568,903.9623632221901,2327.8616027473445,3749.4224117870713,5014.270957083264,5091.45356967413,4357.29319000112,2994.3202452050473,1552.0122075961417,429.625779181544,282.0837389784625,780.0118352124224,2345.8670073925678,3841.2506127258443,4867.425598886199,5165.065498075687,4602.163381236805,3127.0404389510986,1527.8490277631872,435.8155488708006,200.30325133319153,888.2003950611029,2017.03952471469,3669.473351790188,4659.514041080637,5144.2180354447655,4591.542734589751,3335.587259069387,1746.9623587650005,588.441277901363,107.57188637656922,641.1220838578442,1918.9175651385922,3372.1444367987506,4616.935413162944,5004.213149565375,4712.3730197720615,3477.7674143770196,1800.7110989988591,717.8984562425205,213.5860469304078,554.1197553420523,1820.4646222900228,3337.101504607069,4512.59466518316,5123.591223543562,4897.495189681936,3.7951807228915664
2348.8389361446148,1101.0827791737945,100.81260152828068,472.84768112968754,1395.635708129454,2926.5659180902708,4150.763460567384,5029.274506573806,5003.878468672664,3946.5569733196676,2600.992843780759,954.1466446313117,162.83923658012822,377.4945203492467,1254.320219284623,2798.0167339181307,4332.399092766336,5051.391813417411,4855.312957436192,4164.097362637175,2492.928191075664,1216.0389978734343,151.59713669728689,227.86525893454132,1340.4615195768156,2685.719641341077,4197.034226150394,4928.991985259952,4934.645825860243,4062.9966564952842,2558.3083449242536,1184.7400646062513,178.36922406857232,367.44224541254135,1203.6164577452914,2547.091995427273,4137.893726216227,5107.527048553178,5109.828798610315,4336.112884818977,2884.990360803918,1162.4748512560502,314.3127688586011,258.91703944666983,997.092794678908,2662.011248759115,4052.9097959984197,4965.8793500895445,4928.39031399799,4140.261109649567,2707.8103870830714,1173.7817564888617,337.79446135622095,205.82435350564145,1025.0511604807252,2322.255354078017,4034.3022834039243,5042.483316324209,5043.030973254461,4166.16331827581,3021.5767603706095,1312.1121803909143,462.57912463532136,201.15498581075414,1023.8447606474489,2455.7364965464917,3839.3879818544647,4806.762414908367,5166.270407820627,4437.353987163311,3.8152610441767068
2518.0876952268195,1088.6765420875197,307.4614549429294,300.008750857519,1464.8219159209839,2869.9209722283617,4335.823175420905,5046.435850600055,4810.649220737287,3853.6171062182193,2377.749331865241,821.0812751085618,126.71884409642146,414.5933680615698,1324.5676996627105,2815.512677181301,4443.172757544791,5046.840754738076,5039.19395830424,3797.7300282240767,2482.09404783542,858.6934399881951,97.0783201856252,446.9021587710547,1446.9688100039723,2888.197132060307,4363.551336554287,5218.899944040718,5056.267627910182,3935.925522334551,2432.7526591223163,925.7337776094026,52.93575470170239,432.6615643628488,1306.363117929785,2953.0550043073713,4208.949066019492,5031.6295637369485,4768.742796967323,3984.2354037941777,2488.5115899818084,952.8366507073811,149.6379930974176,377.16707920318515,1560.6990442868619,2809.798200097879,4268.190869196258,5201.335623176228,5028.632032050582,3741.759675167731,2235.926311856752,887.5802680196824,196.25104949775522,343.6075644886686,1324.8038670196124,2994.9583134257546,4285.308604158227,5073.5100480416395,4849.4135772797235,3857.8056681652547,2330.825772296521,1053.2511350201842,289.53480284579166,262.4907836966477,1395.0370210515766,2825.1024581202323,4232.354627714062,5137.306695259595,4871.299485833209,3890.7223176128655,3.8353413654618476
2409.6971635248597,1025.7893571083262,186.03619654185502,538.4975058833397,1431.0812079934708,3172.0796874161306,4386.023175680975,5266.531878819471,4958.267322724346,3744.0141264962913,2331.5148262468933,921.540227026094,191.43399081007476,536.8600494387882,1623.3053801214596,3218.1298476139596,4490.286057289949,5136.870631661961,4918.008304774035,3539.840947222069,2276.9093453025885,902.6727836234686,129.86947108088052,346.56968651106547,1726.7661303478715,3106.7425587428556,4517.4633012384775,5177.249625448956,4703.262534792408,3505.060684061973,2018.7208149900282,757.5831477081335,303.4909945804713,478.42798653288986,1722.4026157460721,3309.886715300252,4714.636049278257,5094.742611337102,4867.823164593329,3430.071950297725,1857.983275813243,565.0316088294231,180.78800352993915,517.2818578788434,1876.9694779001113,3258.3389753803563,4566.663708589426,5269.26522410508,4668.547449344015,3317.36339820004,1732.0611059937598,564.1589310559891,290.225772409714,659.8063823648088,1913.5942993664994,3460.8285474009626,4656.837603785432,5126.690509777186,4584.202451724883,3402.1765009193623,1707.6362254879193,449.9476015853395,240.77411015867168,713.0627612370675,2077.2633063114904,3670.7078455670626,4625.956344521034,5281.02459727878,4578.5410393229795,3382.91632693026,3.855421686746988
2361.1149269070456,735.5912196307149,89.60797337179724,373.18155644853283,1639.7816080442192,3162.2280881030765,4563.506709820408,5251.905291234192,4734.8111941567095,3603.7764752304474,2129.0952371008316,730.0846458717442,168.34798788349607,649.9658147881341,1650.2238935075566,3158.545971234942,4682.831475317583,5221.617760341759,4595.0834343652605,3604.838568413516,1848.889170161228,685.4458884984072,119.62430533514622,583.3948911954375,2042.0478850258385,3491.8828552851674,4837.805379975938,5158.900447117448,4547.528901967572,3227.2753400967376,1792.4497238733934,494.07281157037994,253.22881803929633,689.1325100044218,2117.014027581084,3512.1950229345166,4722.372471839485,5053.1468008338325,4604.768534692512,3237.6895296035914,1498.5530178725573,434.50103942890155,150.62039942061182,765.1043630070733,2361.7164727740314,3866.1841646464563,4794.527844837844,5060.429118087445,4447.832485529959,3101.0884974027354,1553.5937663567136,415.4769878369992,327.1591056801958,963.2349889126394,2513.892146147033,4015.619889463502,4871.322758050672,5115.299311666454,4382.517219096987,2726.9957437320923,1250.0881306110284,347.11308531285454,150.67688380297201,994.8763112419546,2496.9595943283666,4086.4130868730945,5034.467302970366,5085.815552798359,4131.910811104396,2604.970683363099,3.8755020080321283
2101.6219366814453,728.4646393954208,201.24838129358074,507.9851346496299,1704.5182875867085,3228.3958036308395,4666.8257859512,5086.530148243977,4675.351416237566,3591.222036186054,1824.8885327941825,719.3738089194135,122.31588460634765,502.9865963501245,1846.7963501066372,3367.008837567941,4808.527098902821,5145.509835054712,4705.55945020775,3184.570913895139,1738.8946855486538,654.9952733735397,204.3227803639869,723.8709836857541,2108.3627974876626,3796.3771134731232,4807.246538945835,5060.863571344071,4310.414945476009,3170.014556745907,1548.433416820517,254.96456610634465,153.46211902408749,1002.7858879879756,2552.4775386333536,3925.6155413999663,4836.711213610887,4981.21804596678,4354.159993892854,2689.0326311327303,1403.95928369721,332.24593454356796,302.4508673991592,1160.5357866769493,2720.781618381045,4167.0914326265365,5035.537653525729,5041.7093559420255,3977.841990259467,2481.393553996606,976.9032975768017,353.88760500892806,330.7527384584398,1333.7550411435839,2834.983103437242,4255.08748976928,5012.838976365456,5007.623402870835,3867.654520223352,2326.8440327144376,768.3735683313995,317.249779709863,575.3912981208105,1623.9251394772252,3169.422994404858,4552.571269998887,5161.026302094606,4710.123214276347,3497.0989755987553,2067.412928348736,3.895582329317269
2075.380926149639,886.3682978671316,240.7298276452372,507.199196798589,1886.941805051464,3414.879596686648,4682.890122996331,5237.827700230722,4745.170101926507,3329.9279423867333,1678.3216555901083,675.6603540474856,217.0774375918969,679.8048782498291,2035.0935139964859,3647.5461909396768,4971.400375147741,5032.583207421679,4403.678423901927,3063.0618270707305,1354.741146454294,457.5273274258051,93.50055753563,843.6770812119182,2373.0642704525453,4034.5240687136693,5103.941462849727,5128.701552431677,4090.6477342448134,2702.5613372418916,1087.6089826285538,194.05575676876802,184.06878713372583,1138.620762681288,2655.023684206351,4321.375549403119,5050.625400936324,4984.251682703259,3867.195647113477,2415.242728633999,976.4363974582204,256.44429230572854,516.694226033622,1661.4447955488695,2978.3039149026654,4564.821759391023,5054.458347645994,4886.20873096636,3700.4674540940036,2015.8097972356811,802.6459104212099,178.74643782201358,467.32802155957756,1799.7812165954442,3479.127682774284,4820.12543065933,5049.705784313853,4630.854398447777,3157.0178404373105,1752.4721776541494,628.8321337373742,96.2665173101129,642.9410837560822,2259.344460559649,3625.745554208369,4993.67988787836,5146.44768659345,4499.897339139804,2920.4182119226275,1549.737405937585,3.9156626506024095
1970.1552984766527,827.4343741590154,114.34133179971941,567.6311048327793,1884.2590458755449,3345.1968825545982,4608.281996452091,5279.367889565868,4544.200110443952,3390.3340873797974,1814.3970219707749,434.76315749874755,136.02715259760913,937.0913840644168,2267.4819751955456,3720.268200980362,4800.338230318377,5083.977041498263,4195.67083213078,2948.6142177261754,1257.930736025629,275.33934021111367,142.63739691888816,1027.543190808355,2703.5384722910926,4230.175044286139,5127.751418884421,4888.6525599659935,3831.1835646092327,2562.9320231311412,842.2952991260327,221.34744763872118,509.5090771905328,1593.9892004459043,3074.71638991189,4618.019909539228,5064.003593462345,4778.9741080931035,3519.2912757846543,2104.1628070303414,779.2040051862873,102.92701420966958,483.10635694327624,1868.5797540147166,3544.155244857941,4799.290592670356,5196.511560376367,4521.085345756522,3171.0349257173825,1512.3946601088578,491.9315904997819,310.5678342607861,895.9550760290065,2253.5937813368587,4013.6872013231614,4995.235828125435,4975.854726149259,4294.912674283973,2860.071346367015,1290.0409181564005,142.60749277904694,157.61365601125954,1148.4534350419592,2598.584945617217,4269.238762741734,4929.841423622557,4817.709893281798,3872.955532137798,2308.9926005427615,901.4455983143464,3.9357429718875503
2015.7995061891609,559.6115643144707,218.20805292760247,504.34606458125864,1864.061656837829,3579.4913889471395,4895.335890033084,5189.070153424019,4447.020685153092,3021.6686343906204,1580.386299951723,265.84823149162713,160.8573646812473,1008.4065221859457,2561.526987377543,4100.932598727694,4973.0784882926655,5170.450378979778,4150.177970701368,2652.731251787359,1048.0565069353463,132.98950186857618,260.02828537883477,1240.26917457466,2980.370310663227,4364.956110012283,5262.974975350682,4726.8070155120095,3841.2369513426875,2044.7840667318314,844.1186317377219,53.92750597762896,477.01632864801115,1792.8747866660633,3425.322307698157,4763.439939518233,5186.591335656098,4677.187185412626,3218.0788505767273,1725.5114030620907,560.4858565980364,33.19283818929115,983.721541122158,2364.174889015515,3990.369102630617,4795.104039921646,4967.037681496978,4274.76779417245,2750.280398486171,1156.1090299980185,275.07083649356406,435.2284123450805,1201.4500057578468,2713.667263738685,4176.452741053373,5242.638207244274,4951.492134802281,3785.175586106382,2354.087375881389,929.93584716297,39.6186724703299,531.6842488356024,1856.7256846767323,3438.997179743922,4665.874219411286,5100.5590751737145,4802.473280738311,3245.185627767408,1806.5700759678834,473.47594883224036,3.9558232931726907
1949.6803934270756,618.5958154151505,68.96230681214891,740.1176873830179,2080.8914961522896,3752.8268637787546,4900.0523087349,5054.650558838137,4501.108179773336,2921.779224828611,1419.6581942191065,358.0403052674367,364.4873413297301,971.2062678365386,2708.2309404279067,4058.7931415209464,4957.976795378856,5052.590538273425,3853.5875111368323,2456.2758914616193,978.8647792356738,207.2279693479131,424.79721733771345,1704.9309601819718,3314.6676583705985,4531.86750519165,5293.3261530927375,4787.91590141557,3529.074693813436,1704.1937833691359,435.76881840159893,206.5850789164014,748.3688650636351,2108.5644250704368,3609.306326797373,5011.307995850102,5188.0496558137065,4444.874495585284,2851.9782346893076,1331.5507602440523,408.24166812215236,230.8221946114487,1287.0546132115248,2690.186877911738,4102.713570820755,5176.544362415011,5082.526080316794,3940.9448095118632,2202.449611464214,805.6645041499747,185.0020633331958,587.4105980923732,1729.627797451858,3233.342971866105,4748.1105583602575,5170.968624992294,4598.721767565812,3452.175444159853,1588.5574196929613,622.3346377944824,80.08790621679395,862.0520813262606,2406.1553045406204,3772.269040160404,4944.99071978989,5151.453268886487,4327.004190560007,2610.355361650211,1268.5822816853606,369.87567132725627,3.9759036144578315
2016.4784483555134,740.5024916758177,62.61381619873439,744.1454151032095,2175.140449390452,3810.6813701358356,4767.488351284272,5182.623061536406,4223.008103785924,2743.934995588951,1223.180506501374,328.8865895012842,193.67241935757067,1262.2653996664305,2842.3325802937575,4248.8706309316285,4998.033193420603,4817.726652802536,3716.391585709612,2235.743691358581,819.0162637600964,64.08184408109159,639.8481704572577,1761.8040798447864,3391.3658874200014,4682.309595897329,5181.885935997401,4628.64262220537,3268.7719828185527,1477.7772636239556,354.523590778783,115.10213404940276,1082.1589216190414,2480.8478733281445,3910.313376120385,4907.331430503141,4993.7224127943355,3910.552095192066,2456.9182429835255,933.2853310569144,238.10045398578103,392.9931176471526,1506.4845062505738,3267.609693510959,4666.674485846597,5043.698055835261,4781.129249893481,3382.0836148054655,1965.7472952286996,490.7468532915823,14.951750158111594,772.8310100677156,2063.436157454492,3738.989859459425,4773.742129100111,5087.490134685135,4158.489924330714,2761.6634905432784,1105.3510634589486,150.37701863399553,242.97994449196625,1135.5954879178394,2919.045195438518,4279.918527879142,5215.257358637348,4920.77062534839,3829.1741291971343,2166.373395609517,821.751471213561,123.30992984895664,3.995983935742972
1942.5883252532253,550.4857658756466,141.88387036660234,706.5433802579134,2342.981218115982,3859.342077789606,5053.542601827541,4937.700173967741,4176.126264893902,2651.7604418803053,1145.5727927577814,311.1774066555514,320.3845743594643,1522.3133147331048,3026.730531891446,4548.190414312995,5157.371967079583,4871.945678951979,3586.30261548256,2051.801674557039,493.96624536158896,89.09628253458976,571.9811077764472,2190.5724404380867,3655.986943106656,4793.40185214389,4986.2975647098165,4413.902400340614,2836.173343259155,1227.5077513096605,415.0862455131852,189.0298273772566,1318.079671703273,2899.9137210021586,4346.143277249731,5004.77891441459,4769.644019231847,3653.2019964113324,2164.3325212231384,859.9948238167733,276.95236142066886,708.2981354034243,2066.6175634031924,3451.739788359562,4729.136092825818,5200.0188646650195,4541.846726089563,3085.545451858444,1516.3156073405025,481.471900769935,347.72049239511705,1189.7529256670289,2698.8074207252325,4288.718155670072,5052.44524392256,4994.938257336506,3721.326512344455,2321.9986158594834,813.9586320312493,74.39145542341062,554.3614776639491,1781.7907205301929,3328.6958701959993,4850.798853937588,5077.52036721581,4618.438746915321,3148.8856534211027,1632.2166520778478,395.1472190380323,239.35273188729127,4.016064257028113
1689.3820461552089,440.4639586066548,239.31981666060506,800.9142586719311,2207.163140457158,3983.1522497084384,4901.808072027135,5022.447028193076,4191.614719344681,2656.1322886738876,973.2213205211417,305.52154328197156,391.16322261204255,1667.9016196011253,3212.7923064096303,4551.922550254452,5086.030253867445,4683.841494875463,3429.3080691837763,1698.370286831323,537.1140445983592,303.12756346256606,728.8875415645242,2267.6987397593275,3936.472508482194,4828.748757158567,4943.060269806856,4068.4079992960756,2632.6791721922127,1025.761945452062,312.82434902594974,258.80389528507334,1592.8373308730936,3280.396739840983,4536.874119208405,5290.996437803364,4626.397853649475,3357.349001150515,1816.6806937172466,470.1393206676102,196.43322556962346,753.1804418639794,2459.461261808064,3906.9739277134418,4948.489717403752,5174.873475267129,4154.765625068539,2537.732303880019,1068.4390199570803,317.34755731563314,388.90275466164377,1395.6849255886332,3030.341057396045,4528.9277311418355,5091.109665606899,4736.698458232804,3457.6655414159472,1696.942157507608,517.2418582326941,187.65542357300063,775.2613777875198,2198.7146489729753,3816.9637782031377,5001.144065545025,5004.728529696311,4076.4510824773793,2487.8597739306883,1097.278454390638,125.25902691878687,376.6458426024923,4.036144578313253
1712.4512937322434,588.3841091253942,316.2774515292504,1057.778356421201,2358.6059695630943,4110.51406944922,5078.431624792799,5045.7470002660775,4132.06675091643,2563.9945376514897,1062.814004789867,144.9736120402078,532.3619840316958,1739.1642732204677,3419.7447173452397,4795.60804461885,5094.521121148,4628.313617661272,3259.053831191746,1548.1565517792442,395.1297968065535,71.95210399132657,950.6267930891714,2516.5011363033946,4217.444830140223,4941.071542446362,4822.079009065525,3858.0682617123716,2226.094375178199,776.2811947223435,32.17535872608795,608.1231541995821,1943.390923536943,3321.173093699261,4604.742636215418,5088.047745190894,4414.90570102849,3151.146840344751,1374.8790949094018,276.75971783776413,388.87240273489067,1085.822765626111,2684.986532536012,4173.743382158775,5157.027668617093,4780.76384147602,3872.7512443977125,2201.054129265416,841.7688601981258,257.5121866351125,534.298438922814,1993.918190483144,3695.387610882446,4812.222451359536,5090.599909798117,4390.378016809448,2712.897699679463,1264.5815858348487,359.26254502010465,189.91017312285462,1285.0884966247913,2837.2762622191076,4496.155236512096,5002.217610692044,4793.412638074464,3557.7686841149944,2086.3079715741214,506.92613286377536,168.9152951127424,624.2638895067058,4.056224899598393
1662.3485076824895,418.1165816015564,200.69720022587995,876.8198226288023,2372.831438054722,4064.9986177723404,4943.524886393053,5090.821023774384,3797.3295777881394,2383.641837602026,902.4988860342606,302.2501485012253,671.7549184539314,1772.8371820467319,3479.2752265343315,4654.202104397497,5171.144921216591,4537.57262413915,3047.3639625149735,1507.7948799465066,285.04917952502575,224.16641640557705,1170.5660173609413,2740.2099611789517,4388.379853267158,5141.7971451030235,4822.730508267582,3652.603867562359,2042.9513432309825,682.4359357008225,124.33405093614277,689.1735280537132,2101.64142221788,3641.0186645559083,4901.993034279771,5221.920657517734,4096.325936644667,2517.587948461488,1204.2722808363833,168.6069548036992,416.03299455225084,1383.416857545676,3268.4406621694675,4523.1081818013945,5003.471623696605,4734.093029458888,3251.5527055905545,1668.9797096755938,392.9334190874828,39.995777992865634,838.570551882304,2561.6238874169867,4082.6587320856756,4913.38920605253,4935.130255328706,3999.186383428746,2394.119018574859,980.6398506281386,180.99750814728873,574.3292288644859,1932.8083179903979,3568.090714602422,4720.7040954330705,5161.112665498927,4583.272867801829,2911.696418133072,1384.6712093879746,384.6791094031619,322.01111229159756,1267.2050063930023,4.076305220883534
1577.0964240411624,265.89163502460934,61.23058273569126,955.6662103348988,2671.1135593104655,4146.901998871529,5190.392453590117,5011.7312766866635,3674.8205812147608,2134.466915187114,845.6792518042939,256.49642755173244,769.1320101161132,1958.707792388128,3617.1259327528032,4862.410586635611,5095.09074791953,4311.985542795003,2878.3183021937125,1096.9858925356818,332.8258276514507,413.77959931535463,1364.98991357481,3053.519129725746,4496.805730290708,5292.2583214749,4725.298944823421,3281.4116178572012,1719.6901897307969,460.5346351716872,183.25372636829593,840.6488310794093,2554.452102995564,4090.235714568821,5019.11346220028,4991.20345190977,4010.11361585725,2398.6653721286057,746.4136873178209,204.5686437307818,485.527623219905,1983.4543005430664,3550.8808385966936,4761.3385473552935,5150.590641605564,4327.822900853629,2838.9139675855927,1251.514229849909,362.78128193285625,192.31313493345465,1273.3936713592263,2873.671429110181,4323.467845694128,5217.16445458752,4803.425523481368,3574.7970399622404,1834.5522192466274,617.4146054084466,208.70576526450645,875.8749187688959,2495.0723990167226,4042.385674872206,5138.896724787775,5040.214985944396,4003.7919952782336,2493.8073443927956,912.6965700818076,172.30241020203346,602.3991819238834,1666.157351926129,4.096385542168675
1439.0840796848877,241.76472955339727,358.5237018875215,1167.978188640867,2567.8360651659377,4376.550045842208,5217.343332619683,4955.295002183283,3773.7352573700123,2152.740966595623,583.1670413813303,28.706791979556414,759.9513633934828,2127.16396076446,3918.5699791280786,4807.918112836193,5170.60403845264,4020.285498985603,2503.364429065573,1006.3754774908316,328.41939347854515,493.9663865473871,1528.7108114655707,3333.8616222972614,4748.719171990904,5295.373020426471,4448.1276460443,2946.4838181663017,1550.794533353951,193.7823092808883,382.63394703108645,1249.4692640183011,2702.045259842639,4281.370935438703,5021.3489745120405,4893.089257053119,3445.3756434325537,1935.072524355507,681.4843455212406,110.93389778194623,801.617393410391,2129.4691226363657,4046.3158019522675,5084.109924498428,5131.425563930168,3897.8079137144305,2580.7531018951354,867.1837624224468,232.9590258849923,515.2648396541566,1912.9562343772993,3315.4576018905054,4741.098002236329,5243.84292957799,4507.458253316534,3074.2536670776813,1485.939769262983,354.43409058621523,243.1428658546069,1433.6082285047705,3050.988275448725,4353.437372654428,5202.141761859848,4915.595670296496,3379.8954527390824,1911.4392239858425,635.9448665522671,195.4660016038675,916.4290289974584,2255.4275426147706,4.116465863453815
1388.76014973848,400.103105944963,289.3285547961917,1105.8833694450866,2736.6929234742975,4396.720856628903,5152.451071834896,4684.927563820311,3652.5967385446174,1861.9099216145362,534.7756035884734,162.76645494981412,870.4609921786687,2373.138285506796,4015.3499658908277,5032.388432556656,4893.888758724285,3876.094509363649,2248.037867985921,959.8461078502719,189.57058955985403,569.6338985803109,1824.6409496712345,3421.3619253254737,4765.212796974894,5189.314597024681,4294.193992178905,2807.938773788498,1144.315679645627,102.04132145401375,248.37483261753403,1553.0005857396595,3035.349030869441,4708.040791125555,5268.294490652155,4747.193717326526,3173.2073520972685,1671.686009073494,259.1050919290262,144.81875492553837,1210.1871104116442,2598.2148125930826,4278.250673331867,5204.665121481241,4856.808159476162,3713.3837000990384,2027.4115802621027,696.9382914949015,184.41762872860033,864.7826540022124,2080.4255184061003,3937.5059822999215,4963.917641098903,5019.029203953436,4022.265394836548,2391.5634857798796,1025.1868917007348,314.59037669067925,407.68197150554005,1900.2437916565968,3382.6587580851096,4854.6831074564125,5022.301475941506,4423.158019624437,2963.391104769211,1163.9307735818916,353.6006033766846,418.30693227024244,1431.7391293636001,3030.8810828141695,4.136546184738956
1292.0303275830404,427.3463807405888,310.1723176159457,1129.7733199274803,2937.0518936254325,4530.557771035937,5054.932106792476,4666.681411559425,3532.2247620553558,1742.8827387606964,523.837681920832,112.04842470875732,978.8738667087239,2521.2163475682173,4148.606402009227,5188.44082809864,4814.453059164584,3799.49890854966,2214.1040019702336,794.1862319672226,84.96319685489914,713.5344926935749,1991.888714493429,3909.4490871169246,5038.399765374976,5076.374786421694,4110.044310188488,2634.4176167315104,1087.7735061093415,170.7152267086565,611.0938461712994,1623.1238018723288,3383.664310103121,4764.9945487656505,5184.258715627682,4450.923652741697,3030.16877286168,1239.4029270315477,242.24610322335195,222.28558135299343,1558.0766982596906,3088.0946527822916,4385.144420794828,5260.99875536116,4588.63658664205,3245.9213825803854,1686.4518837757955,372.0675750418582,184.57721409548918,1183.2131929919146,2732.920011487946,4111.840871715884,5143.900263615639,4787.515353636357,3495.0171637032818,1984.135333251182,710.0732751618139,61.35121875104421,724.7569545712028,2412.8301621648106,4001.318220598419,4911.452288400608,5023.809276904552,4082.178535127701,2379.814433212897,982.3836611558801,128.88785375768,688.4117616389793,2006.780422454566,3754.2746829549483,4.156626506024097
1225.799879792496,186.63693422503349,303.25972312921806,1432.6815242252974,2900.8405438270643,4495.3053243234435,5000.413490473497,4632.313731063876,3215.090967753904,1680.6577346935505,292.1483938352632,229.8090720095231,1041.163863246569,2682.8525392423007,4341.348461360323,5233.677718939205,4836.503958223584,3533.8600877791932,1961.227729826038,648.5229551630944,169.39071635562786,815.8095735767818,2523.0278161972756,4032.9276902884767,5112.320568146096,4964.225786347332,3756.6806560485243,2127.763771977277,734.6507831955477,28.22368977532939,652.4566373660817,2028.2543563060049,3767.7238513571447,5036.652823003184,4949.495541968064,4121.824731707851,2528.515690066275,970.6122959752696,285.037989629526,509.8537406545936,1842.0975308353836,3365.3924532923056,4847.787954353467,5182.577239497587,4372.962138295789,2695.1376851906075,1155.6649752562985,118.1200040867671,439.49521995964056,1362.2568590334122,3098.993786419536,4726.072407145608,5086.724893927358,4695.96855987842,3200.7478618506484,1569.0739596086983,283.401022578797,119.55717669118759,1200.9381766103138,3008.553660729796,4408.204082557621,5012.290817309379,4781.636036081523,3313.1217951986764,1622.7421896571525,467.83593915031565,298.0910175759055,1030.803990457526,2672.025709623522,4099.936398588837,4.176706827309237
1443.854827918503,258.37298563403436,383.3550122346148,1545.4829149422294,3038.910748640504,4523.012138751174,5141.199835188563,4569.873656018726,3159.84496154038,1548.0372223526972,469.67167056550016,380.1904807575406,1282.7273803795688,2921.6345078714417,4477.5416129318355,5201.153024136605,4802.719796378634,3482.040790840097,1771.8726680860082,521.4278074144471,304.4053455182181,1167.3020973800171,2764.4351269225517,4127.70073801332,4992.711815141036,4773.268790275163,3519.7738141435557,1802.5902288327648,645.5101312038652,196.65035667571433,937.1124236888259,2241.4212478207305,4029.1433338768675,4900.325032290508,4864.73467307401,3954.372429674855,2150.423724397154,810.8329030146512,37.75468923770949,567.091223241042,2044.3545443190937,3809.824042455502,4932.587641912343,5037.571487879187,3936.9324557782506,2339.002473966101,869.5851281315538,35.457258604579266,536.3273910193067,1911.8101953568455,3662.919562385169,4795.747947121105,4978.331594413989,4129.434702677013,2695.9009096699924,1061.8510745789793,83.98308999291093,498.4338077946158,1689.207340243552,3423.7491676432314,4831.176595466437,5227.453118247012,4348.778328458465,2827.7754607460224,1237.5768810956051,143.49754077218785,417.5943329569386,1491.719367953363,3059.0764047342254,4605.468215678245,4.196787148594377
1396.0065761008345,301.2484647494911,328.316360205647,1631.44899018337,3105.279744833499,4758.595933663027,5073.9175603090935,4606.590519443689,2926.844936092664,1465.3875939582522,334.5950037734191,232.33829716804723,1298.390583143673,3082.941357023651,4429.18486730622,5235.818375141434,4764.256392383865,3172.599693949975,1604.720129500805,237.38159951316362,308.79253420143766,1272.5603917316867,2875.578369332865,4453.350777913626,5052.639437425778,4700.805278614724,3500.766327382727,1700.5754768509687,293.61808771437137,79.6686832543432,1156.6094203930402,2717.8348405274933,4251.223303595633,5129.872056992407,4861.607705506988,3525.814781128539,1708.8383080224944,639.4673028622312,246.44520743224686,852.0737065980959,2576.0618234035232,4238.752671759755,4991.774032493606,4893.017593176352,3741.301044917626,1995.7873547781235,450.21964765444665,265.9292714313086,749.2736779065656,2375.0401557468326,4045.6999896149346,5088.958396445282,5070.084565864872,3759.9294826232544,2050.3800144623833,699.3838582697483,135.49979541042052,756.8725122407657,2313.5187853427656,3812.6972799416912,4892.998151545499,5026.38245820525,4021.7543233876427,2289.256144689843,808.2610413423106,220.47880542147973,672.3268506429922,2107.755032142474,3672.4860445914937,5018.832867730172,4.216867469879518
1100.8045301096777,87.38997010478064,429.7933053758569,1481.5197166123007,3390.104846481546,4770.3201920701395,5199.977750389159,4348.516998243882,2978.6788706601,1320.4972754672453,129.5170316812369,323.1175165764439,1613.9147707680115,3076.332905293087,4640.247142728586,5162.419085968882,4650.979410353838,3133.8412658999714,1447.4517542550357,141.5683129101738,219.33287116487014,1450.810696943504,3004.9498339116894,4629.646584674825,5006.064671689653,4429.840269065341,2994.613719677621,1531.1091659503982,423.80023193800116,357.051869457913,1486.6124207145115,3022.8043999769015,4481.957685632937,5171.929058435777,4522.402859483895,3322.6198294903634,1366.9958346749077,401.43585827441046,161.9175514838129,1242.6337454127442,3021.5764237369003,4519.3388487776565,5157.956881161773,4758.961274786591,3141.0099164822454,1614.5960459502635,270.6402719720821,115.1689712802098,1183.5718698350067,2817.9120962593893,4302.464296329768,5263.127055611539,4654.483655558055,3459.7415751771805,1510.5517192101643,454.40091157926355,183.15002833593815,1268.4290399215697,2821.8249939213465,4221.2460874925355,5047.109913375263,4846.012755332679,3325.479762681111,1642.2722568799932,322.79127569533904,335.69588849191996,953.2565436847964,2593.5414044478584,4208.8503038869685,5108.4670077167575,4.236947791164659
1092.1105783133612,242.166205102233,264.09838559110005,1798.689867665949,3343.274365947692,4877.178139423455,5013.033921641933,4303.761891532273,2918.8238824796413,1072.7806140699875,206.63588796449886,315.7518555322174,1643.831219386262,3344.3482720197044,4690.728480109807,5017.891877963397,4437.6545402807915,2946.209456795969,1286.9840428956616,368.49351423591975,349.6125663139814,1731.3962801963378,3411.2385496963293,4862.43219675682,5125.253464197112,4432.36757619324,2967.3714027504793,1294.67795256367,279.3162271547009,342.01951768577874,1609.4547313219377,3429.293626434951,4667.8808954024835,5039.440597524038,4372.913479120643,2866.430387657538,1133.2180670992352,254.95427839366775,402.27176785238873,1508.8298561203742,3182.245927977524,4582.399183998209,5131.7516003972,4483.179958958485,2704.940705086278,1293.8415138362682,296.85874683803934,444.3690396054008,1625.4757430841864,3273.463108187795,4593.640175287278,5177.689521932748,4276.045595152771,2932.560587888389,1190.7583937570757,267.79224487293294,438.2117288912709,1599.1750405379244,3302.5848294206316,4671.17693816216,5223.7956217933,4471.755680195862,2795.50332610497,1330.7077441822237,206.89684814713428,488.97126888976305,1553.9291245766485,3376.510262168159,4614.673230848346,5115.029830509081,4.257028112449799
1032.4780407081262,192.26862723391514,511.2289599515042,1750.070783373715,3412.7947227846025,4936.6144733461415,5269.380520937268,4311.682281553061,2653.655886650194,1117.4045889466763,88.17849364031613,589.0735259642292,1690.2341652739713,3479.4807739082976,4889.711690656074,5068.785586022706,4345.353071290713,2466.8962168073135,1052.069038224021,149.2139843951388,438.78027538392143,1763.8791194130529,3623.620176464469,4896.354946039404,4984.076087494022,4042.846571148875,2675.3907493707757,987.3880059977414,30.52905075342842,681.3263792485445,1793.9301775803258,3633.0201508616037,4911.1722509541105,5173.669036555425,4252.628243874047,2551.102142322755,966.5242028514903,66.93321191044001,456.72467703429714,1887.583569155693,3613.629108185832,4765.48120244558,5123.901914741084,4092.0339905673227,2271.1847305046927,754.6161041511203,114.14433141552752,630.6722508130174,1956.6424864046141,3677.4834509763227,4845.546532603951,5149.48321029553,4149.815363309808,2319.594739822231,900.6345469672459,35.7253165397118,580.5993315861299,2043.5648967953473,3733.8955939351877,4888.072644391382,4922.69498124127,3987.5563977263614,2198.165067392311,907.9728448802971,111.68973653535544,568.883989541163,2158.7839390269964,3918.4918558567147,4902.649907216582,4926.172268950467,4.27710843373494
994.0712251035337,259.35838337103604,343.2856805396902,1744.6957462531936,3684.2495491019117,4922.293068285803,5135.604403168718,4058.533322985083,2495.30386846325,1006.3109306588244,228.3848727196188,426.88046104781506,1864.991238306401,3752.2693672673076,5005.231229804478,5204.302163871447,4193.06235035293,2427.5404071359944,816.1924920270579,35.88290713986135,709.9330366512622,2048.2575547302536,3684.706313163574,4971.23094377699,5015.922777358698,4090.7564199118747,2228.3825879863043,711.0604393822234,42.07898787249098,869.1447431299073,2109.7798535894726,4009.1483320068537,4981.962490632167,5095.889526215545,3882.951354405676,2236.5723952148514,549.8530091247688,57.54799426147076,700.3549020145055,2292.33675171022,4141.799019670992,5158.532516031882,5021.66850851184,3599.8091363879907,1936.2935836612623,618.6679749088144,240.14287802599677,930.6967228570684,2508.315935446136,4217.85883337174,5085.127424481802,4978.932719801428,3647.3037129661334,1843.88932855761,396.66918302445276,280.0850449852404,1160.4676895853706,2560.3580388606388,4292.509494756561,5039.299981084916,4774.776051692462,3386.4324226746467,1622.280684530561,329.85132383211055,256.71759321783014,1207.8469670229786,2653.222020450025,4459.974510945705,5081.0653755507265,4728.271168528297,4.2971887550200805
1073.8957160037037,42.50927198788493,607.4155343482407,1750.289567312028,3640.0901767474666,4753.0900180684785,5009.7030374175865,4161.127723543246,2394.374478058344,802.4735018490633,254.00200095978218,546.7055068161175,2102.263040776681,3859.5026909468634,4882.525436675411,4949.01187169722,3810.1513237527793,2241.7138701464023,747.3781765280067,19.942265062585424,741.6542330423734,2416.084315016133,3994.2496752845173,4982.678507247544,4984.108381834002,3682.8808314966336,2011.5000764423826,556.4670411876264,274.0578056464371,797.0133158486695,2442.4286966587783,4319.8570302421485,5191.934137238595,4892.094231574102,3608.5405264051674,1709.4671326836992,568.4182170408812,88.68959162051324,1147.5225405919691,2699.8581092211293,4363.382596219475,5068.457675440787,4720.771422573597,3434.711237658561,1576.3668115154394,358.2659873867716,113.6199226560899,1149.4435364295953,2933.0365707831443,4404.92968916962,5250.148875961846,4630.19231043684,3182.849355875345,1313.6880243562507,334.29511028930176,410.2283998016314,1525.1213690673096,3232.91732223873,4743.0472511097205,5154.144582340326,4444.302451159958,3045.9897363665473,1197.5223362309785,200.91151261706835,515.8138348198315,1659.2686203357155,3497.8538471152615,4622.590703465249,4980.614794832393,4293.338739883048,4.317269076305221
920.0825457846423,20.036626526328682,709.4046213556187,1971.323149026464,3863.872486872539,4913.326921565389,5055.8705253604285,3944.563034301384,2375.3254623441558,625.2586895083471,25.212565086264554,801.9036174645679,2192.830077885821,4084.7444974031296,4923.126794491564,4806.247441134041,3828.7744733884647,2015.4890031865157,537.3152433533389,157.8115741577563,794.1350491271095,2669.4670674016497,4326.538234209724,5152.641976604502,4950.682631332228,3443.9293928228185,1773.8197402875023,556.1141030021289,231.88701413265292,1018.43233088354,2969.154722906802,4539.518544541919,5128.2047216081955,4514.553417370008,3147.1732161075356,1453.8899036422158,418.98829815837337,336.2617826367543,1515.614593958579,3123.4211098317815,4721.651113076672,5148.183224531894,4601.768074192809,2989.320738694255,1122.9534087634077,86.04402310102999,293.95750746301417,1784.007722819547,3514.9972255404277,4830.372269395069,5018.45460813654,4412.368041538323,2590.1276214188833,1041.9522726323,194.77742620921623,432.9835291176886,1989.669343260536,3763.44322809233,5058.294790351576,5042.794564580754,4042.2616465765286,2266.012264413815,751.6364228049101,258.70006901621923,719.0306113966268,2064.873440481459,4050.0883586624673,5069.576911369826,4947.677853362429,3749.1641068767954,4.337349397590361
908.751998639204,305.59741264406296,502.8065105151255,2215.091876409088,3905.297745382936,4990.060966512288,5015.683615435343,3826.9990948005684,2209.182513909952,768.0790883504797,294.4508910947099,754.7858069660548,2465.9321496298858,4106.097846671416,5029.557858160185,4764.823111046671,3672.263837026019,1700.3221800924387,541.8335930547197,124.19080998661747,1106.982315811384,2862.0525428375663,4345.205822303504,5077.23606183509,4805.521487674814,3090.224157886602,1338.8317590221907,313.8089625818036,261.0243935717516,1435.6252487304016,3223.9275114730494,4735.656722268499,5143.759732965472,4396.714284983814,2731.7775367788317,1119.0063209372786,76.12307204069383,346.7492676242388,1742.0755322199798,3614.1051943441985,4841.525456121502,5070.65160051992,4138.506663820924,2373.250328352602,816.0892843984224,63.02160740896392,777.5332254880506,2134.3840967017786,3722.2760918403696,4857.589929974328,4907.057218334324,4000.9537319126275,2149.200271446588,643.617440546775,188.9624626161121,958.2390111251196,2446.8869497303285,3983.18280021279,5231.439399815663,4827.485490208865,3452.20855349594,1727.882922416673,353.2983854114746,129.0350258046646,997.5937937365156,2733.3443513160096,4449.102258846426,5016.056698051642,4672.54514329403,3206.170429700904,4.357429718875502
812.4129337981334,69.3672841379991,530.0590163278199,2116.078870303845,3926.123107874368,5133.128929197151,4958.317728915005,3770.662262748686,2098.225901741493,546.8783918695964,26.548604792363736,880.0275802111848,2659.781613477573,4344.7161108015525,5007.468296668365,4814.073662415821,3349.376958567583,1569.949821316561,493.72105329475926,342.7857147524221,1254.1667966277325,3012.81985269357,4565.765959066077,5013.090985842941,4572.954767650709,2931.11247245174,1123.198764054824,319.3268151515053,270.47110858347094,1700.5464930747132,3582.754859164445,4779.923759786476,5077.623866046146,4344.132954190948,2576.695268581657,817.6347336842612,38.10042190938106,716.1586473235024,2043.9376611625257,3928.143364879008,5064.614460371859,5006.492579024952,3861.111137278699,2080.3604976657084,559.2863912306236,119.71511604821357,870.8827685492261,2585.165172598662,4170.108791257077,5127.509508298518,4735.836247632848,3495.882070406302,1547.715616692075,259.8487889258142,89.34550461546182,1217.4400417167242,2829.5828381942483,4533.6763184908905,5011.754938457432,4662.297808299022,3130.8793006088654,1244.7914596423514,276.4910034782827,525.0308881505305,1505.0595638368432,3459.622423513879,4892.029745719062,5195.582610122603,4199.679031890441,2595.676351564737,4.377510040160643
968.6872761308548,123.99568615103034,623.3310274089281,2203.0670051630477,3835.5835446173587,5087.115042678996,4806.5086058007855,3679.6262017774407,1945.4595398442732,507.90764093912355,68.83730527614651,1215.5154740548496,2615.4166937974715,4243.934041892758,5038.788179270794,4643.96046992925,3284.3644046619875,1470.325374409226,304.94410575919596,402.5698657048849,1624.6511860356945,3238.0769976492606,4838.92928169985,5167.406100583334,4322.774698333045,2721.036926353989,1051.3992238388337,144.25367178250377,439.2350817076039,1885.5993249319251,3628.5603824672044,4858.947931625854,4892.215960808327,4067.6902999331933,2178.514553078674,659.1754153022835,133.6888974455636,969.5688403226347,2520.053267344023,4056.0484550063197,5018.506438744231,4951.66059878036,3492.0028228788997,1622.6266641696875,406.23214731748106,119.89241188204844,1206.4453877779092,2847.444113838143,4560.775930505269,5282.277713491992,4553.829683121777,3006.625858868855,1096.197587744831,322.7628702786933,406.6889699833061,1730.955832859971,3561.690535032233,4780.101736784264,5111.326957209002,4050.714610971912,2311.676270792871,910.6335984933694,157.36051762859435,670.8020406363269,2286.447029008831,4026.5304353101697,5084.235933260164,5083.535745563786,3574.605496953946,1860.5273278552372,4.397590361445783
938.316944497708,293.048673969713,733.2404317971592,2316.1288397376093,4102.915330817016,4943.383663123655,4740.7860592406105,3533.9399282961067,1650.2843625855535,483.65062461626354,186.43756144966218,1102.958316329148,2918.8477001024407,4511.062129551857,5259.75621782492,4416.965640384089,2951.1103922262414,1363.629909112893,352.86936658975503,435.7915767316507,1851.598874077232,3569.16579159729,4790.756039126075,5121.801031537645,4107.79999222253,2341.696278258923,858.3192440958318,141.41156114049122,860.9551976128669,2384.017620077426,3947.4231555517154,5085.375374685392,4941.983517843459,3677.050144521454,1840.6167655629458,570.7013982989074,85.04193547847542,1129.20770332004,2752.5351002833027,4444.185496328389,5161.641392917666,4601.1635902708285,2936.6874218549137,1306.241067931126,373.2386438707955,376.33924927241037,1521.2392697667342,3507.579484949017,4834.000132927525,5165.547502441143,4259.602107179959,2559.7533031036,967.2762747787724,166.14420236527027,792.4396521142785,2237.523950671283,4014.9500579235546,4938.63889606997,4987.613413996318,3534.1643038087645,1791.2805525439323,660.2914501210505,299.5232032670608,1179.2727504137958,2896.571673025857,4395.414156732208,5137.453394836939,4502.098425631687,2997.3864212324247,1284.600816689247,4.417670682730924
680.5329532944168,259.31627530589816,688.9495637525717,2394.9512984186194,4136.020813044574,5031.702665191571,4941.915362198202,3569.3117627258725,1627.6925927321463,296.4403639816288,335.5211058554547,1451.666678131564,3158.681926347361,4571.116825321752,5001.488933774038,4310.949833879452,2662.5634444079706,1163.7785713182516,49.337828422553685,631.8081073521262,2070.839000219326,3584.8554341052663,4933.5002745255915,4980.175601570023,3816.474167671938,2031.6209373482345,676.3012737543323,135.90293305904555,789.8805151554091,2643.5562908190645,4192.785122695455,5098.864512962391,4744.8017084124585,3243.633110472309,1478.1558700443154,258.8263284211031,248.24941845487442,1497.9380595265775,3208.2445727566246,4810.859519088908,5113.111280786308,4404.190369934475,2651.0352118260967,1005.0486593366144,102.71950770459873,528.7357141965153,2161.8048314608204,3715.5180588712547,5002.202814128681,5038.3275803432225,3670.5923534548074,1973.5868548676208,482.5978357103479,47.21579468477401,965.0379561555593,2707.733438364836,4321.22749083417,5031.941442633478,4698.113908734893,3273.982645372193,1515.106637666381,203.35771866419634,229.13463631407217,1491.0548549790178,3467.612157272832,4640.480938354148,5068.576180626446,4276.467651578431,2595.3798130347004,797.995647473885,4.437751004016064
570.3112986183702,22.69519176939095,896.2094582252992,2381.0818340534406,4080.2317314945703,4965.602781283757,4716.829626853524,3346.568934381627,1667.1110206224264,413.05223035013506,335.6518095846782,1350.768226380886,3163.9778508304257,4642.72146640946,5133.275646036852,4389.975883137092,2486.2165142817566,940.5182355027944,34.47529851555851,634.2869941676036,2033.9790199691092,3904.9870582468493,5115.204577567001,5036.029455103017,3696.226494784357,2040.616736616413,515.182147784827,204.18459046722035,1018.4982962114607,2727.8388939578936,4605.836323243237,5077.0653882848555,4688.195905824301,2998.5821995863726,1254.4056833990803,223.3326807978959,538.7227831205066,1852.2927791769,3507.7654500820427,5000.808985624228,5040.444162602426,4126.506850289613,2149.7709310489236,681.5320918584406,44.79086893459151,830.0832758519884,2474.9012043332464,4150.202043779329,5116.215315455139,4668.00285342876,3440.661501338192,1588.7095231910378,333.90894306068384,270.0181292654858,1395.055863912458,3124.9081432571356,4688.860247265549,5175.517286191818,4393.524319570534,2476.944967484876,1064.6247032365527,118.41514343693106,580.2591894853997,2206.4817367891133,3928.152416232534,4886.094449650768,5029.654270825132,3589.6197158461327,1831.2636691768892,378.5181407428742,4.457831325301205
529.1314377133681,244.72372778091676,876.8473962360147,2589.3240231736336,4421.44389488479,5077.9199049455065,4568.16069848337,3184.468740826134,1350.4866130825417,389.5109903443748,292.7507575541089,1563.9359472139918,3490.126854675863,4730.565048401468,4981.655715016766,4217.865779724218,2326.456338191232,892.229639084235,6.0558268616107656,750.5566492937198,2384.589850005403,4143.084467226349,4948.112800911845,4739.09651372396,3347.09081821768,1650.7558429463586,390.8356154889103,167.27738294589855,1518.6781576103742,3048.7683756009747,4666.236501087762,5148.780663195338,4378.396096385133,2790.8889465078582,1001.3944890730538,271.1932758424545,714.7625271220821,2210.9460025754656,3768.925607493566,5031.888576374653,5047.381758259772,3511.594043734188,1758.8703758408742,510.2807219750672,296.593685658242,1237.9691963310277,2973.119019592384,4641.864815388924,5014.164373700466,4330.002578716245,2961.5629138495983,1273.6957159651015,264.1532918956668,446.3536638036744,1791.6437363148154,3739.780023136488,5082.7102442942705,5144.311910119879,3839.214437202377,2108.2217757273456,571.66772011826,312.7706203769449,1146.8990198831048,2818.5107331910654,4434.014360897268,5271.592969349153,4500.895970472306,3014.0503735180173,1179.2943545362316,115.3491067903519,4.477911646586345
615.4954814651087,182.8631551068921,923.2440234158319,2639.4774465077444,4336.1992788010175,5275.672647947258,4785.081463514948,3084.0071572088596,1383.6088574298337,227.48974663551087,423.89479183537856,1622.6229941372146,3446.3271466367,5009.284867343005,5040.682677968065,4106.187013031772,2301.6626580626303,816.6852907977282,31.138320981805457,919.8031142809906,2595.784398355357,4182.345900051971,5254.079783867769,4664.144568102534,3144.169729334438,1261.7608151584882,148.03986142527359,503.04616821902385,1616.439008029893,3340.4639435626123,4847.6415202751505,5106.081140543381,4024.7503986771026,2225.572621659446,609.2560432174535,286.35291642364206,758.4276830969524,2598.8000143291047,4265.173748730876,5097.739681240364,4637.393260015163,3287.4238624209115,1457.975296182612,174.31426326818783,208.84602434464566,1572.5449523739112,3477.459309123308,4805.481373071447,5020.0782574379455,4014.119022950387,2529.892120347572,639.8033480026685,213.54610619827022,699.8082904152591,2432.0190980712305,4282.817035387484,5003.5986917656755,4865.121198346079,3421.863383826614,1637.9383226375276,179.93426792752817,163.5514179666643,1631.357182105723,3399.518829439611,4668.961561954996,5204.931494996673,4065.9886843242602,2378.4601798843014,752.0303571462001,27.214941638876134,4.497991967871486
589.5346844385224,215.29162695024522,1149.620735696922,2630.07531723282,4404.240973192755,5115.111298518414,4444.00961066497,3013.499946506208,1209.1724915329476,236.42685581181928,501.3074122039029,1815.7572844438691,3633.0608179803876,5067.83535067827,5052.4620756580925,3953.105472503201,2134.480189622042,642.6881325959333,211.19823578339526,1203.9089611604159,2858.6686233660807,4324.082498149698,5213.273002967503,4633.432996936141,3065.6539143803034,1099.689467475893,319.69174724714844,371.1197834654998,1860.7494412543851,3804.452367703533,4917.633856726525,4883.327398318188,3906.3422690620305,2029.8437944089997,440.5753870335935,88.7215558203882,1162.5426429289646,2814.3955904905156,4399.003037835225,5064.433517267917,4624.59651446932,2790.1930764573394,1185.9122555229503,123.43158323331761,561.6378741733088,1897.3578526707856,3884.0790405293164,4930.6476458321795,4955.8233914632365,3789.159620608174,1855.1349437970875,519.3870005178412,169.49264001206495,1266.6765124632575,2997.0292930110863,4477.917647520448,5073.380465591584,4402.217094630374,2667.063875613761,1119.4860918229772,295.3818998569309,457.3276876272671,2182.737345304283,3881.1315465206144,4913.926566783346,4954.604490106645,3672.6494941775445,1975.6794292545571,521.5547826648075,185.44117097170098,4.518072289156627
588.6869850053954,170.9152588485062,1068.2843138772275,2840.3421320413345,4523.781367767726,5209.711416868318,4608.7861905833515,2886.577220285991,1094.0737764108906,87.28776643757813,592.7303064850015,1955.9501996411643,3857.2227564823042,4871.468855195749,4829.326542741106,3716.215029619526,1852.8384358750532,421.267839779701,260.61564523939853,1368.5580721577644,3188.4445819821026,4558.115563986471,5162.689810867828,4231.937836957471,2796.081093472865,1104.3195629483748,86.70193475256453,588.1798195712496,2242.7906169178336,4022.553136907309,5200.317525901941,4813.672639876988,3382.593553579984,1770.284826341295,386.1421316530242,251.85922884322815,1398.7138455061267,3328.4558912905222,4665.337560817979,5071.1802535202705,4282.649252220789,2614.6759358035556,809.7245246951986,160.32090457146785,788.6021020546957,2274.2206436429856,4236.6532071057845,5171.66324967417,4854.288641984864,3358.4594701753476,1598.3050964008537,269.9711485219142,481.72290904344936,1599.5067127514742,3540.401865845291,4954.307844747483,5162.0973813615055,4044.283687019444,2383.0930391001225,756.7262099826684,136.98638830474957,1000.1612504597349,2616.1144516040376,4419.399855286419,5140.00090133661,4716.825490664703,3177.8307999263097,1192.7904851707033,262.47819770405226,543.1708351280846,4.538152610441767
530.9811176984346,112.25090548094346,1044.991005010757,2937.8498757613715,4485.355867795985,5035.294080823254,4489.084737289335,2872.880203377839,1014.2923120824471,84.09673211481399,550.0718013471378,2325.6695399210275,3935.0798037199106,5208.404693982959,4755.930036630598,3476.676028231202,1597.7444540960357,241.1264876952636,206.89333359885396,1542.430209521909,3261.046891915953,4621.206585077626,5019.148073812069,4094.9496364084284,2497.317945551068,720.366239537498,107.8186183703222,837.2177203802089,2395.733943844333,4218.154174385791,5137.643515559278,4794.415453394697,3242.6600623440254,1515.1763647394594,306.55549774454903,427.6069701100781,1749.5385174387743,3508.3947330910214,4796.0117692815265,4958.982307248754,3790.90252948574,2141.7475533843353,666.5220156185424,70.40565680143435,965.7688590258962,2768.5487295018115,4485.9622621781255,5019.639928969625,4526.1199915367,2875.16239538439,1148.7691334643614,174.1902871622745,686.5830677778914,2124.5437839661668,3977.2844679462864,4973.347837132467,5013.016357037031,3481.1449515498152,1872.0765469231908,478.83956511800847,148.7549234867407,1307.3875626336865,3207.929344619272,4801.796079154658,5182.137241330677,4291.195982835717,2465.2798612214083,852.9749225933436,262.2780129174922,766.5555996898412,4.5582329317269075
385.32788977834497,257.2399526923667,1149.081372737444,3017.373038793663,4572.138218399253,5286.746350126013,4319.363494981191,2665.2817963442226,909.2282373859641,300.5658132017065,621.6266521880409,2298.5687754254313,4025.789843149838,5238.192224988961,4737.716298001237,3295.7217373245935,1350.3436717234397,177.66452683059322,310.6880440387532,1540.0340712178672,3623.241312182933,4732.157393581915,4983.194096403012,4004.193052511316,2090.042183425933,623.2021311175673,247.06472577041885,1141.3091770667334,2670.9955017328843,4594.354454262875,5008.553983351125,4364.862615306225,2957.513803593785,1132.2711111351894,204.46336773917392,463.31274753134414,2129.5226624657075,3865.789396770103,5088.106110526184,4901.652113223237,3535.5711246347846,1798.797751564994,444.2634012687838,303.52261285603356,1558.322394568253,3188.641178907853,4748.860009012156,5164.906560178208,4184.9050093017,2394.599962438406,764.6114947987586,50.43254070550992,892.6034889062369,2725.6915194306684,4277.214658479848,5181.255608866317,4712.6607586076025,3021.4063826256042,1255.1052559508935,83.8330673304371,603.8012525670449,1806.778286423498,3870.239890054164,4866.379860408273,4890.136299975497,3850.0455104658486,1817.9650336858595,519.0072027069551,203.32680863787476,1352.041130319222,4.578313253012048
466.30354027624793,363.22671051167686,1272.6600393317638,3094.8658586577712,4815.158384727695,5260.678703014966,4282.666658282467,2443.8164870828464,778.0324221690057,108.45523751000913,882.1728419934655,2417.103996359333,4191.147199337562,5260.65591395385,4654.567874110331,3205.4433379158813,1393.8436916550934,179.52726771141857,500.36960201562647,1992.8343992819382,3596.8684965246284,5112.551190449971,4931.917859059882,3615.711377203752,2042.3943295438974,379.0430604767305,371.6971744187022,1337.5444193968142,2983.505537189346,4653.835546188844,5186.112077042934,4125.974151191309,2549.36009292132,886.8694740965991,43.58169507949107,745.1207570773818,2526.640241459946,4304.820548547987,5254.126774070029,4686.47912125305,3211.0826511021337,1211.4180321310007,303.46148663167276,345.81870939505586,1853.986864279178,3624.478263047521,5110.5845067276205,4871.388258913894,3888.7743196123447,1800.0395780195759,470.9902434092436,340.976810248319,1152.1648483340218,3209.1272999492885,4551.692867275855,5169.463192032529,4237.360279052472,2455.6059131148268,921.0884822426453,98.73404047896909,697.9470511751676,2312.707858295814,4267.196887628045,5060.479948363517,4827.005251525184,3053.398345592204,1352.941544740417,179.58683421528707,348.67408256325524,1864.6635272499416,4.598393574297189
540.1157613452395,172.34502334613683,1459.2634780073006,3224.3997915902023,4591.795530639529,5240.408683510162,4167.631537515449,2438.4416357444134,645.1834142976834,9.633952747531977,1032.6124640336761,2722.43527952861,4256.1988423395005,5265.9829622445595,4493.079512975877,3071.0965827379437,1049.4612964052296,135.4731239151494,411.4308138672831,2131.7757191647656,3926.046023430894,4903.714400826323,4776.775235320707,3381.7883669261155,1781.484672721113,424.0357189597014,178.05593179852613,1510.0958466992654,3440.489146998426,4892.255018587869,4960.863108051932,4099.353159174035,2308.022260313581,643.0535078835469,216.46401240552797,1156.0792717574866,2916.7597787791005,4499.029600403853,4999.823196668907,4573.5375710705375,2725.30293290986,1036.1618928716587,187.7382560401354,583.6719608944072,2389.1797928692213,4077.6587107484347,5001.762320991865,4919.070907762511,3403.400516984241,1426.9408544935877,413.3330783822964,519.7257439169653,1640.4597234416547,3467.270543704538,4849.473957413888,4975.698948814994,3766.776579746241,1992.7131299573098,486.01378130386007,266.59788907122226,1097.490899022153,3014.594126365519,4468.852115967833,5253.9887296939005,4445.591987112195,2518.5667982972304,763.5234245849965,196.18650898821465,742.590567527906,2298.601025626074,4.618473895582329
316.50519046482475,331.2308976381132,1404.158300283986,3180.1899845668027,4922.392274625176,5069.889425419073,4028.4229912991786,2188.2818555819317,685.8927337574581,151.54088943390252,1000.6341963336205,2900.212013776097,4533.480707364461,5023.251706599517,4304.167672050154,2878.0838465570478,955.6701854657742,141.82351356672444,811.6144384467907,2154.427853725012,4217.928142085747,5131.136172897557,4631.67730041461,3128.6667527822005,1464.0052417075763,309.356670301377,312.8988537309135,1932.8873618936432,3797.4152531252867,4936.522772584707,4940.0834789428345,3595.947201302395,1930.9204366996664,307.8562535823887,94.19746826346551,1442.0861184208354,3061.132433208401,4802.84771800597,5019.383088441492,4061.6343748074823,2305.412274377259,610.6707401759941,145.7946883017518,833.6551693238777,2552.698989421967,4335.396610951562,5283.15060866831,4512.083404054653,2894.5048570563995,998.238885940618,68.60779561857679,663.1042886458808,2117.2762201648598,4115.206476489197,4992.8932268006265,4760.876377972791,3310.794138691207,1633.9991235072362,179.2081975679587,511.0528605842695,1582.3870795742332,3488.440832791502,4815.2608123529335,4956.258987509946,3801.530295064186,1973.2575625572365,491.88645454622963,175.69290197939688,1225.3410038846425,3119.393848823549,4.63855421686747
507.9436559671874,401.90881935145586,1514.6363398383842,3319.4532573551687,4855.368610621925,5090.581047301115,3976.1346783333447,2065.03013525847,671.0927469115599,88.96606807162907,1075.1592112799283,3083.8302931339013,4703.246162099112,5006.139956550732,4416.023840202704,2712.6469490989352,890.3381785454046,192.94649559207662,842.6976864843194,2444.181230518833,4327.477229007471,5284.049338456205,4750.816765106582,2924.5761229999353,1135.3303364896212,166.33111920653863,519.5338757347839,2045.9463423542722,3839.2685196724997,5195.114380468713,4749.448152944131,3306.8209800765176,1578.1432749861617,450.48533041927726,480.7976357317558,1605.6132891603504,3417.1598788931797,4827.1248045932425,5034.877969363654,3731.335081226871,1850.1945872900155,474.48008026638036,178.88527126811658,1292.8603581116083,3095.4227259001345,4746.136240214867,5060.052967981128,4112.26357691864,2273.0605970227643,641.8485521138025,38.27818971455612,879.7424284652898,2637.302281455383,4502.53650396347,5028.71420156395,4510.504673245642,2849.902037226805,1154.1553626019745,244.45206298898017,672.3696948427018,2319.4462530200126,4175.775073940746,5022.529281176198,4913.662951946476,3374.205239554585,1566.2390757516587,279.30534255338574,292.18072562861573,1801.3039191426878,3673.233584940484,4.658634538152611
420.5109458150462,308.9554416826048,1546.0727456893314,3568.410438826821,4871.21953877417,5053.918407301821,4011.4927491079998,1878.987840891402,651.1835184691731,107.6924521747448,1199.4629154243653,3220.79150441746,4711.475321354835,5116.328531250833,4176.717827755589,2365.1357741792453,861.5793205113705,297.1739825190981,842.5932549606733,2619.1910959546863,4540.329962244965,5265.17013611286,4577.626024991708,2658.2187977395793,935.99807924261,289.06359908094566,591.098650623114,2499.070542030224,4030.410167612318,5227.670318290283,4807.987913990141,3151.609442039713,1429.1897049424147,122.49597057157715,470.70081768363536,2044.6438645720027,3824.7889340860347,5175.9984272702495,4759.288291227004,3471.471385316441,1635.069219169477,215.76072943393274,409.5294281982284,1494.7943520355989,3399.0770913915617,4862.865831378756,5033.579075619249,3779.7067099395445,1942.7145224422848,568.6288600924468,97.64439488576696,1193.3201992818747,3123.3836426385205,4833.070249699368,5056.986379959165,4110.884458643437,2463.9714663162486,555.3317754435033,161.20421070027407,1129.8284057352676,2730.0118635547738,4459.9867671832,5050.288431664927,4460.17035532231,2794.782042603628,1010.5050480947032,247.25208147077382,791.5775220798757,2422.513521114486,4155.315030730176,4.678714859437751
369.82244288314746,217.13568195263437,1550.7564153315923,3467.74699816705,4764.593248017308,5133.171146086437,3730.300372407465,1765.5839046574417,492.8678948684553,363.30485619496045,1259.5678289823666,3369.5948860735266,4674.094087767747,5006.075889904555,4129.253888428242,2174.2715483864486,518.6792986430112,206.67527071825498,1011.445336253945,3006.5388305574647,4658.20044863885,5011.704296097398,4177.895712083595,2408.882449554666,846.5110858748724,86.33372506393674,891.061304074518,2773.1586425421665,4411.844213827448,5137.9320602915905,4508.620244828786,2676.8594914891814,1068.7084896151969,26.037053343915417,791.5604469918118,2462.8492863418346,4273.827263515851,5120.850037878625,4707.757055178139,3250.2459847545992,1353.1967425094615,344.2607426675645,420.0698204832421,2024.4197580262648,3933.6562727650817,5116.245681991551,4959.089629797707,3388.5627272584625,1542.4835121262054,143.63728709641384,438.93935293722484,1748.0535896859537,3703.305525547399,4914.146672105786,5099.9122652311635,3583.9831774106365,1839.9703355555662,416.6310916757357,388.854356709795,1339.0891250337506,3353.1995894357924,4818.421483577611,5165.699335280498,3864.9712128015626,2175.1914834530517,522.6529451079607,264.4283550847917,1076.694493207816,3183.4622723537013,4632.979242359765,4.698795180722891
158.8367047166947,510.3246097267544,1668.628029211016,3654.296934612073,4878.5702508379645,4857.7288048201035,3606.7744695023252,1886.3563407296733,279.24466352051365,339.0525823060693,1362.0787001728645,3509.6641548793655,4709.076337506955,4930.993393391219,3872.341286520482,2098.4810344972557,381.98901714558036,261.52199661716685,1204.790560560701,3279.460548597649,4704.811563199589,5129.652431995062,3956.990135059097,2317.8915282038165,533.2231383912623,121.48116809109888,1001.7866392985459,3071.55641109254,4446.321157871187,5077.936108087621,4264.392060328591,2488.550011760409,670.7716508470438,152.01270956708885,957.8086211500915,2644.955641906538,4460.410613636443,5287.481793267446,4502.237765465589,2741.4751435316534,1000.6196621455042,125.478687208876,791.4775753062536,2505.104033866108,4139.090126427438,4999.589256826382,4624.708094453223,2907.1241800958214,1063.8168887865334,65.84558203026899,486.0064573510119,2122.0552716875104,4079.006347967533,5096.048785615977,4850.328331050112,3114.786417625275,1326.3133742493605,236.4120239868812,558.9106390053078,2109.7049144657167,3907.764782956193,4967.07876819651,4809.564060025054,3516.5294038683473,1596.8973366416892,211.7119310719217,446.1499936173893,1900.4343602642296,3658.553039042112,5026.7120741294775,4.718875502008032
207.55013047010715,512.7585083293009,1689.2671734419714,3550.0861723611088,4957.886164153248,5037.35140832891,3433.8344715131902,1555.0766788546543,230.34550341100027,344.7590376130514,1765.5035809563149,3615.153720608334,4802.536017889353,5036.045347922248,3679.3166838165375,1801.937175190192,309.9670562122125,292.1375622484719,1468.2049794431553,3451.524707557054,4832.646971827057,4999.980137082432,3797.389328994116,2084.901977188758,395.5369871542464,185.9661625149801,1259.4972962718664,3116.705236129379,4605.732136727079,5220.954326890312,3929.289812622954,2324.107787517409,546.3324377725387,239.49650333112632,1204.0695223614393,2900.173163468458,4713.34035554318,5103.193092882389,4251.796659698695,2345.5391931478744,715.8866122836156,220.36898113745247,1101.7974607404128,2788.581290236904,4508.229547538061,4997.797039422518,4250.420613335536,2456.971399307899,768.7639409073698,65.26591505907217,996.6148173665918,2773.090064458887,4551.425840807196,5152.360969719484,4358.357309250294,2674.9853843894734,1023.5348589342605,103.3838452516638,700.729898696322,2503.947538527515,4417.490300137829,5149.340218538435,4658.8739825763205,2990.1450015027976,1026.7322575415953,42.907725270114845,688.3346959261779,2289.324097809776,4181.675958120742,5098.321349012124,4.738955823293173
145.84290383939256,304.4147960550338,1865.4443072134143,3661.587126000358,5033.426071816871,4762.773157636083,3416.661086675357,1492.815384073958,171.52090121515954,503.06132636826794,1904.608089041536,3807.839300588088,4907.603038242766,4812.633219728017,3661.294888335029,1619.4937830536321,301.98466048269484,365.9311949156207,1724.3867105857214,3448.483253765256,4833.706339009589,5116.981699512863,3665.65067568741,1661.9052869480147,355.91279138674963,324.2825054450777,1517.939944022848,3556.4945074243806,4989.232568451471,4888.354184778889,3847.6637385276617,1933.4712019001886,506.83048981096954,274.8815654325375,1489.5876542102096,3478.2323099912883,4946.370032875502,4947.494574112947,3755.662597214868,1963.4655738645868,415.1841351660722,384.80203290197767,1527.588476395747,3365.6011733975656,4787.1998643747975,5162.567253518796,3938.276801394366,1981.232216813083,496.0643708215565,268.90009862378434,1192.4520026647604,3038.5970387852412,4783.953543220804,5128.370713245967,4007.608467931799,2070.7523458339447,626.7058695136186,167.3064434430739,1168.6430545304693,3021.396970619597,4673.7329210920525,5131.379446728413,4173.41112062335,2411.752760863863,759.2555149997074,245.6264837382073,1273.9554086850571,2986.651475115824,4651.4437530839305,5124.817037311631,4.759036144578313
294.79388715509106,419.11609371410316,2081.0095596773604,3934.3222822179564,5173.087050066428,4971.372509276018,3233.098859704044,1350.1292737570247,378.0363218210166,342.9936800054106,1931.6046838414277,3726.431851071746,5051.082535595773,4946.630821515776,3497.0647178313347,1639.102724375394,257.1019305306222,545.8726342403595,1754.7977237950424,3731.8351477889487,4932.1249084676365,4763.9369859324215,3567.427702069016,1675.2652060690857,159.83846863279544,269.0284572359827,1897.0304568838174,3662.353082503928,5079.752295702909,5006.100771064631,3449.768268697206,1456.5182406990357,366.31397457371173,532.3340232697024,1718.2311588247107,3667.909035646014,5117.620071723789,4854.544980070089,3410.3992694127205,1473.379800547636,280.7042615830959,266.22246661677724,1664.1269530889417,3615.7181946033634,5127.5833857394255,4898.72694496631,3609.6691181471997,1599.3026538673269,296.6828959036031,434.83256947110203,1850.4900517619508,3643.8479670931843,5103.742805377818,5035.883629905593,3555.8403198944,1585.2656873404567,412.53353133771833,233.62746528118916,1722.751675189018,3608.5833497635385,4907.710047020417,4969.918011669622,3546.3908744225823,1630.7891961724229,223.22071849765234,371.34498613918174,1578.7120513047873,3647.388227071662,4825.277335937335,4914.636510508481,4.779116465863454
255.6796738406489,596.6620785954598,1925.608873010504,4077.633247609438,5111.173257993805,4717.398135130985,3304.5644583325097,1416.9408565589135,215.78523652704996,470.262061933276,1981.3854640622903,3909.4359996641774,5090.504021718426,4821.049549993679,3330.719100201313,1312.969462535581,210.70775807998916,517.5778634551543,2067.1882523722406,4006.0775239639365,4945.686831010416,4891.204305326944,3175.8954758962077,1334.5402683647276,335.8975403991117,403.4433329854366,2139.6858793940482,3935.1515755857763,5198.76772422085,4735.444663384223,3206.545214811198,1154.3740428738774,178.28315770930556,653.9740695767257,2086.1764035740957,3983.908143767926,5059.231367236996,4747.91576211525,3217.3153758558856,1365.909749361619,273.20201864790045,477.8110685257122,2112.14038724786,3913.9508172582246,5246.677398040131,4782.5621287851745,3079.9878841709456,1246.3382020386268,50.90756135691426,672.8539272601399,2290.0563968380693,4148.39669700296,5064.49490117441,4739.958443212449,2972.472207386688,1090.406679632798,270.72912859685624,528.8405351942818,2060.558735059215,4004.334790752126,4980.398664765973,4722.606178304299,3136.8881483070404,1180.7382312280763,282.7122722564586,697.4276386048034,2200.087529123077,4172.162474499391,5071.5582215949,4715.805588026797,4.7991967871485945
154.57090706695507,619.3811710377508,2108.4074854288997,3987.770007588812,4995.513490749346,4703.219317602234,3192.380169564702,1222.5455743257085,232.87395200131724,473.547115713805,2242.0311322558164,4030.641915080224,5121.493428963683,4676.655978984365,3094.3159295976416,1334.3092732958105,307.6430713348149,648.878879909869,2318.7030734706323,4265.040455722316,5164.004223770395,4699.634176636718,2943.0379391739993,1176.8144700552573,25.66047407697863,687.6362216768811,2439.7694846455543,4211.596544138127,5061.653626392234,4455.664371839388,2973.969411274328,944.6844470711283,246.0565170983726,801.6660653247494,2533.595006066947,4357.957582901943,5092.143143433232,4650.455096744203,2697.407698657047,960.9240880908192,23.728086087162655,879.8979374067588,2594.6410510522896,4491.3273948482065,5168.444572740281,4501.5697040155355,2768.9667018526025,993.6806987879863,39.123445005471964,917.594729447786,2614.2367747697404,4330.320930524998,5021.622031146715,4333.952738846737,2718.235050553415,918.5847318181446,106.90640989749221,868.7622805806271,2780.620025424927,4526.493257079516,5180.842474992423,4276.649180202406,2451.346412284499,893.6259809259982,182.36286230583664,1040.7723106862213,2755.289502414591,4580.047031540978,5135.148167497063,4212.69854696862,4.8192771084337345
264.96417079852915,619.196819455866,2182.949452045008,3982.9251197761178,5197.391643518775,4605.290084986098,3047.2869180290913,1118.6697495315839,98.86513858756905,578.8626623796902,2260.0629989729887,4234.623304700711,5070.62572376195,4575.573322616039,2800.6362649976845,1126.5881369248837,231.98967870871016,628.0871386778706,2640.5364985054057,4379.5193710871035,5160.535951312557,4370.91084104964,2848.684314070725,973.0019898901567,214.18511862302034,731.2382686142894,2562.4063947812483,4523.32167008721,5094.6814865590495,4275.63370199846,2543.8647427345927,834.6899758256835,11.672118769299376,983.0276362465123,2888.536758993935,4474.34113486033,5173.273128137549,4213.4720457617605,2477.402260591135,675.9307235798603,110.35781283793108,1246.9555827765998,2877.2898805438936,4553.1207358644815,5023.765852564824,4212.237983510469,2385.9522603825226,712.6345671551206,192.0629327772939,1176.2930318726815,3240.534468927177,4773.629025853048,4956.37277641452,4099.1121092530775,2186.9068551954533,653.2064208086865,107.86690660382958,1459.463173660174,3179.922964852339,4956.1346945739915,5070.575090027686,3930.5869743443163,2080.8421717747615,492.3957879292534,175.81712486343838,1453.0370746602555,3435.4657779088643,4978.818750968302,5007.104228672988,3786.815015857103,4.839357429718875
295.66271685473276,614.5582249770578,2408.744120337795,4052.9099596499277,5242.642314468528,4682.097677302543,2969.975890140456,977.3296388131924,264.73023201324236,888.9836666410198,2518.8046224126306,4448.678978212367,5047.1663932084,4403.34235991743,2643.8594806504316,917.7159477865939,139.1800990686793,992.1342462168705,2708.2962669690505,4421.340572324135,5292.897569804579,4347.926541393077,2388.4197557853745,847.5759584585082,143.04053201655867,1076.0307633667912,2936.3758607344816,4577.232647013435,5078.3988507268705,4240.378675325023,2384.902342836517,753.4369775835921,95.28014495720849,1363.9388237021426,3257.484785112455,4822.913435130961,5182.226302568476,3991.9974234086953,1893.18889626043,580.6359256625428,310.09694459288136,1558.0727455150623,3476.393120813707,4864.217452358555,5110.575170632496,3853.00423425324,1932.5940456956982,321.12217042952454,310.6582988027218,1539.4781253913993,3668.5831685399194,4852.449230723592,4954.248199450926,3443.6849746399894,1703.5268158699157,213.10868537642364,529.6822698653361,1867.2166300792535,3745.8396947874007,4923.762462664754,5002.517633696659,3443.883621062621,1475.7011954693062,124.67132635603613,542.2569643255966,2158.589115632276,4119.911894696523,5204.529633026288,4704.172667564751,3069.4066521827135,4.859437751004016
165.5645345756749,585.9145826738302,2420.076540769828,4298.352639754456,5147.370367021566,4471.832550184814,2850.85142157328,1119.9804301637705,80.41467548351744,962.4566714885834,2537.736391881218,4559.367869380315,5278.532515409016,4214.5519204532675,2395.1594487655148,810.3365200465716,243.64150233059223,1048.175341042231,2856.4316630263047,4498.91840380025,5152.68699612798,4212.339611730505,2216.2191535801535,600.6012305220606,53.344268563143174,1178.4971959973225,3100.6959712411513,4920.181938511989,5034.806993899517,3835.6266957684697,2074.6752384717174,383.62148864545895,207.01442945887555,1510.912968918858,3339.9963093325937,4962.547200648152,4858.481149440602,3753.206975066179,1683.7376165550374,282.1316496853534,306.8044232332215,1809.7615078278773,3687.57653152622,4903.45337143545,4946.393258998656,3502.942856998794,1526.4914451855598,250.02510703111943,644.723853279753,2054.9877797587587,4029.1522740598575,5118.341815661058,4821.296039315658,2975.961320029787,1317.9678484423664,86.14391894910996,795.9722055153507,2358.9421919946944,4091.702780061918,5170.584594114629,4576.888831760826,2706.347386947335,953.5486335820867,153.2505446030998,940.2685288001189,2510.623838115575,4399.849326463992,5142.462962095227,4477.481247345497,2610.2775257121684,4.879518072289157
28.84872519118173,560.5274873645898,2287.657800338653,4168.770448110455,5238.259234163443,4377.042542478977,2585.7516877224534,1017.9431793935685,8.121530762755741,902.2327276722787,2678.7906549383697,4584.57486423885,5019.097443686198,4220.439376363639,2479.6584186659547,618.8308865979998,133.80556226184635,1250.7584378357387,3081.0047207196358,4783.190618515722,4949.104458922918,3958.0698123459606,1878.3624400264594,584.039379853702,243.65495180899492,1385.43502747966,3507.039460098434,4965.429980244119,4971.556224028495,3500.3352102797635,1525.3887653064476,445.4945394109758,423.55143216675793,1949.9555059961247,3844.100820390936,5020.896027685821,4910.416165873359,3279.4633877741135,1348.7226358575529,290.060552485029,568.8879635591584,2240.0481148982376,4125.452511352654,4992.540151131742,4684.672412891313,2808.6793105242414,1134.6050144715127,297.68860543552387,662.3321593535964,2441.5528730979604,4334.104827659859,5142.429300973779,4419.291496259756,2462.370490087445,825.6446421277419,202.3273006627714,1095.6118548257268,2832.036181896543,4630.682822726412,5207.242864194257,4132.060052563078,2328.198956483991,470.40130494234756,173.21927784047477,1361.7907915050569,3095.854365448043,4886.928555946811,5058.377587268501,3717.127863590005,1990.7406337604355,4.899598393574297
271.51002391595455,843.7103639082254,2527.3926005388084,4337.390504810732,5268.315687176005,4510.361830335864,2453.616832093497,879.5907904317833,241.07760330616807,898.9420119103064,2868.440391652842,4770.006462558282,5031.301694372237,4100.55502424886,2307.723789659889,567.4375284519047,72.23233897434878,1382.0219689944256,3242.4272829639685,4752.343142853807,4902.265724674941,3619.7801449301915,1690.2768630058706,353.3143879102397,238.19640605648598,1650.5707655649776,3624.4473621134557,5058.692887912532,4952.817222347003,3214.2095142961775,1255.691318299197,217.7138843485582,613.9112080923637,2025.1743803026118,3951.5375362635814,4996.944800428132,4515.750944441012,2950.173942535466,1115.3016858931137,56.338472106676676,652.9360981148492,2594.63594968292,4344.312834032645,5176.71041811771,4217.68408060134,2412.473728257692,841.4740929945524,185.17229164139786,1105.465386126433,3007.5316001402107,4536.634506358842,5231.299952993661,3936.645026163046,2132.7166268340125,381.2030069134173,169.50172648409807,1325.0593093139955,3269.333967045213,4938.650221445633,4899.373648754204,3655.3123912540213,1820.538203548746,224.16001903203002,277.0610727321194,1749.6275959411475,3770.0628743937345,5187.616971989376,4836.958243688756,3138.717070642829,1198.154490196972,4.919678714859438
240.97683010911288,801.3039888057704,2494.3952948142846,4500.226653700296,5063.67686594361,4475.176408086299,2431.5483507599483,839.1461181570944,79.5186553550632,1068.706932967048,2930.597238900104,4807.227413936388,5142.382848835959,4089.154000524621,1867.4723258067922,577.7474435859632,325.0581073164656,1543.7452485493043,3523.48214043869,4810.153074728787,5040.991798848042,3594.708778739069,1618.8814036691072,171.4261934220957,348.26853329688606,2048.242910348498,3994.8391097223857,4968.264846874037,4624.343631155527,2900.4666544547676,1080.795383144682,196.88741194440274,839.3927282073369,2469.5446605442075,4470.93766154137,5014.874867363993,4497.463585310676,2548.5176530306967,639.1153895713626,238.9739287165551,1079.8918603447735,3061.30636039547,4735.483254661379,5229.38496545702,3923.3824103628353,2215.582895076559,367.92462545701744,205.09452441810137,1473.6314258770283,3524.4944947255362,4904.445670146876,5071.076842397362,3514.5724243694453,1756.097002773732,225.34582099981134,285.95202645523517,1936.3470584965212,3821.598628649438,5027.484322843641,4675.584152837694,3016.6092084564693,1249.099916359767,323.4398649748795,704.1543434651315,2463.0907032509876,4384.899603661187,5091.68332518371,4542.47061067776,2695.678315520877,886.4771137987185,4.9397590361445785
172.84895861956218,978.9294992130459,2516.127607377054,4381.16414250586,5174.003041990404,4285.01686021127,2299.3289927708684,525.0295555246398,136.33894486238904,1231.249311115582,3183.0970293245505,4886.368801330791,5021.435605961413,3705.449564445332,1731.8479694869263,268.14051330156906,277.4823564097553,1780.3402891610508,3821.6333685667128,5038.793640206394,4885.092215353753,3140.1314411424364,1236.0329154517892,256.6261654905552,585.6428299208837,2139.6949760252646,4297.486078910985,5289.395033892608,4516.400735205751,2607.9276954083384,897.0367437558033,271.01089920063737,1058.8508504615165,2880.916749761146,4489.925052304395,5242.833719591872,4175.036068542681,2092.6184420819786,677.7734019659788,157.8891710065978,1452.129856928452,3486.105164718313,4898.617913544687,4902.009118085602,3760.5426605771154,1755.4073885483742,285.8577042667833,357.1930651866975,2001.6485579874684,3781.13370318466,5012.227522228251,4780.546539682505,3089.948906306264,1105.5956529461362,76.10042285634592,665.6558023043166,2599.805956109288,4249.238174129709,5250.9048057236805,4376.15760481718,2505.7893425116067,785.4850260369396,99.00183590649155,1096.7368661946116,3027.670579629945,4626.075590425222,5068.268465622159,4062.636044687314,1969.2486068935502,598.5782083951005,4.959839357429719
68.12552791259175,898.8415036134692,2716.1655472345556,4582.902020864146,5088.47747560625,4247.538024550455,2384.680741905067,558.8000769101955,165.40468213100155,1354.5069090797128,3470.0682612030105,4930.3037603623425,5075.252539248781,3773.875521836919,1759.076648506981,209.0430253967412,442.40794175195197,1906.4749955452644,3877.508991803642,5017.583459398902,4797.326114030146,3189.781177241361,1110.4355582635812,291.69456283801907,784.9618012675437,2685.5493097880476,4461.470551518166,5106.026321370967,4262.15797666674,2319.0062723424944,642.6630208080213,133.75191149390452,1293.6607083100935,3283.6140243143122,4865.663170461214,5008.368649909425,3794.9266593009893,1822.4982135105931,465.882489114894,364.4925535299976,1621.9088837783036,3881.6980915872123,5042.599206551358,4864.690218650294,3245.007998486242,1312.017828692432,338.3896416003588,667.650952031269,2281.552590718128,4388.544224299025,5288.24684502548,4572.275362141388,2552.614041213726,962.2910388357234,163.1747246020771,1113.8129821721882,2847.5466195452527,4541.187133649439,5248.824812723273,4048.320700540591,2000.3381778307707,520.8738171680459,288.6973754425435,1487.0715159259937,3622.7733957392225,4942.931761514041,5057.650532614295,3506.665759822636,1492.9005750319907,325.9443433980864,4.979919678714859
54.439058605752344,1003.2599647715292,2898.2133730173546,4495.836300351244,5076.387780909652,3947.2071700145375,2221.997194704033,538.4418802301742,124.35461074603688,1400.6141928910024,3632.0745744173782,4948.943319916703,4957.4777942586425,3608.347532297555,1599.6578687036258,304.748799329842,546.026375451057,1993.274200010552,4130.586239231245,5265.250534452252,4620.92177472685,2732.78785707197,917.0836001010903,100.02734096678087,890.0370618227555,2713.990687538107,4723.5269636301155,4987.677778815213,4200.524374566288,2104.4294513725354,398.8099662940188,290.28730489596035,1446.2421196497176,3482.773310769465,4981.596023494582,5043.976451111545,3425.2107529330638,1498.2427463421486,353.20567440396775,627.3184241286217,2088.3120831808956,4045.48382495614,5129.6583434763725,4684.529181277143,2920.464271556841,838.3368902573999,124.27739654963923,1065.3500882830117,2942.787289551048,4472.202816737439,5130.7952988909365,4140.288594944498,2156.1673386083535,443.7502781940415,188.3189875801308,1557.1190177119827,3538.480304799565,5048.156973232284,4817.63552305358,3426.988443531761,1479.5261328164613,342.2540662120433,659.6678595946023,2286.133185079988,4047.0252031187247,5047.828436870974,4539.8573570818035,2937.68176702373,901.5489992070859,61.431159016978285,5.0
